month,year,region,line_of_business,budget_gwp_eur,target_combined_ratio
2021-01,2021,Asia-Pacific,Commercial,39098086,0.93
2021-01,2021,Asia-Pacific,Health,23846326,0.9600000000000001
2021-01,2021,Asia-Pacific,Life,29650413,0.93
2021-01,2021,Asia-Pacific,Motor,39214819,0.93
2021-01,2021,Asia-Pacific,Property,26881911,0.93
2021-01,2021,Europe,Commercial,90133184,0.93
2021-01,2021,Europe,Health,54573352,0.9600000000000001
2021-01,2021,Europe,Life,67986577,0.93
2021-01,2021,Europe,Motor,93013847,0.93
2021-01,2021,Europe,Property,62010342,0.93
2021-01,2021,Latin America,Commercial,19610669,0.93
2021-01,2021,Latin America,Health,11898612,0.9600000000000001
2021-01,2021,Latin America,Life,14773220,0.93
2021-01,2021,Latin America,Motor,20830769,0.93
2021-01,2021,Latin America,Property,12939038,0.93
2021-01,2021,North America,Commercial,85425776,0.93
2021-01,2021,North America,Health,34203318,0.9600000000000001
2021-01,2021,North America,Life,29274644,0.93
2021-01,2021,North America,Motor,54523913,0.93
2021-01,2021,North America,Property,38831331,0.93
2021-02,2021,Asia-Pacific,Commercial,18854840,0.93
2021-02,2021,Asia-Pacific,Health,16700262,0.9600000000000001
2021-02,2021,Asia-Pacific,Life,30147949,0.93
2021-02,2021,Asia-Pacific,Motor,41794569,0.93
2021-02,2021,Asia-Pacific,Property,27565301,0.93
2021-02,2021,Europe,Commercial,41148306,0.93
2021-02,2021,Europe,Health,38177555,0.9600000000000001
2021-02,2021,Europe,Life,68074848,0.93
2021-02,2021,Europe,Motor,93935423,0.93
2021-02,2021,Europe,Property,60792805,0.93
2021-02,2021,Latin America,Commercial,8913861,0.93
2021-02,2021,Latin America,Health,8336462,0.9600000000000001
2021-02,2021,Latin America,Life,14728785,0.93
2021-02,2021,Latin America,Motor,20321503,0.93
2021-02,2021,Latin America,Property,13362015,0.93
2021-02,2021,North America,Commercial,37875595,0.93
2021-02,2021,North America,Health,24400248,0.9600000000000001
2021-02,2021,North America,Life,30313312,0.93
2021-02,2021,North America,Motor,57063590,0.93
2021-02,2021,North America,Property,37177415,0.93
2021-03,2021,Asia-Pacific,Commercial,18300364,0.93
2021-03,2021,Asia-Pacific,Health,17406891,0.9600000000000001
2021-03,2021,Asia-Pacific,Life,29547868,0.93
2021-03,2021,Asia-Pacific,Motor,42101446,0.93
2021-03,2021,Asia-Pacific,Property,27410100,0.93
2021-03,2021,Europe,Commercial,41230668,0.93
2021-03,2021,Europe,Health,39099608,0.9600000000000001
2021-03,2021,Europe,Life,69111913,0.93
2021-03,2021,Europe,Motor,92893577,0.93
2021-03,2021,Europe,Property,62575526,0.93
2021-03,2021,Latin America,Commercial,9074090,0.93
2021-03,2021,Latin America,Health,8568668,0.9600000000000001
2021-03,2021,Latin America,Life,14985663,0.93
2021-03,2021,Latin America,Motor,20565020,0.93
2021-03,2021,Latin America,Property,13737151,0.93
2021-03,2021,North America,Commercial,39611031,0.93
2021-03,2021,North America,Health,25297767,0.9600000000000001
2021-03,2021,North America,Life,30936272,0.93
2021-03,2021,North America,Motor,59391649,0.93
2021-03,2021,North America,Property,38429581,0.93
2021-04,2021,Asia-Pacific,Commercial,18593047,0.93
2021-04,2021,Asia-Pacific,Health,17898458,0.9600000000000001
2021-04,2021,Asia-Pacific,Life,30489284,0.93
2021-04,2021,Asia-Pacific,Motor,43452214,0.93
2021-04,2021,Asia-Pacific,Property,27814633,0.93
2021-04,2021,Europe,Commercial,41204918,0.93
2021-04,2021,Europe,Health,40136789,0.9600000000000001
2021-04,2021,Europe,Life,69504309,0.93
2021-04,2021,Europe,Motor,95044788,0.93
2021-04,2021,Europe,Property,62770831,0.93
2021-04,2021,Latin America,Commercial,9468779,0.93
2021-04,2021,Latin America,Health,8679500,0.9600000000000001
2021-04,2021,Latin America,Life,14634461,0.93
2021-04,2021,Latin America,Motor,20555994,0.93
2021-04,2021,Latin America,Property,13962585,0.93
2021-04,2021,North America,Commercial,40181543,0.93
2021-04,2021,North America,Health,25227655,0.9600000000000001
2021-04,2021,North America,Life,28332900,0.93
2021-04,2021,North America,Motor,59255863,0.93
2021-04,2021,North America,Property,38502188,0.93
2021-05,2021,Asia-Pacific,Commercial,18974306,0.93
2021-05,2021,Asia-Pacific,Health,17968882,0.9600000000000001
2021-05,2021,Asia-Pacific,Life,30719105,0.93
2021-05,2021,Asia-Pacific,Motor,41376299,0.93
2021-05,2021,Asia-Pacific,Property,28354868,0.93
2021-05,2021,Europe,Commercial,41800007,0.93
2021-05,2021,Europe,Health,39239290,0.9600000000000001
2021-05,2021,Europe,Life,68175047,0.93
2021-05,2021,Europe,Motor,95704115,0.93
2021-05,2021,Europe,Property,63714216,0.93
2021-05,2021,Latin America,Commercial,9242552,0.93
2021-05,2021,Latin America,Health,8837410,0.9600000000000001
2021-05,2021,Latin America,Life,14494162,0.93
2021-05,2021,Latin America,Motor,20809143,0.93
2021-05,2021,Latin America,Property,13524653,0.93
2021-05,2021,North America,Commercial,38338816,0.93
2021-05,2021,North America,Health,24591275,0.9600000000000001
2021-05,2021,North America,Life,30787240,0.93
2021-05,2021,North America,Motor,59107336,0.93
2021-05,2021,North America,Property,41207275,0.93
2021-06,2021,Asia-Pacific,Commercial,18779402,0.93
2021-06,2021,Asia-Pacific,Health,17754937,0.9600000000000001
2021-06,2021,Asia-Pacific,Life,30094056,0.93
2021-06,2021,Asia-Pacific,Motor,42470506,0.93
2021-06,2021,Asia-Pacific,Property,28507744,0.93
2021-06,2021,Europe,Commercial,42506111,0.93
2021-06,2021,Europe,Health,40123342,0.9600000000000001
2021-06,2021,Europe,Life,68285610,0.93
2021-06,2021,Europe,Motor,96285502,0.93
2021-06,2021,Europe,Property,64253388,0.93
2021-06,2021,Latin America,Commercial,9547044,0.93
2021-06,2021,Latin America,Health,8633686,0.9600000000000001
2021-06,2021,Latin America,Life,15294066,0.93
2021-06,2021,Latin America,Motor,21740090,0.93
2021-06,2021,Latin America,Property,13798725,0.93
2021-06,2021,North America,Commercial,38787765,0.93
2021-06,2021,North America,Health,26026282,0.9600000000000001
2021-06,2021,North America,Life,32320462,0.93
2021-06,2021,North America,Motor,58859368,0.93
2021-06,2021,North America,Property,40751247,0.93
2021-07,2021,Asia-Pacific,Commercial,26816931,0.93
2021-07,2021,Asia-Pacific,Health,17898085,0.9600000000000001
2021-07,2021,Asia-Pacific,Life,31046342,0.93
2021-07,2021,Asia-Pacific,Motor,43102218,0.93
2021-07,2021,Asia-Pacific,Property,29414853,0.93
2021-07,2021,Europe,Commercial,60696699,0.93
2021-07,2021,Europe,Health,39435779,0.9600000000000001
2021-07,2021,Europe,Life,68087557,0.93
2021-07,2021,Europe,Motor,93314585,0.93
2021-07,2021,Europe,Property,65026399,0.93
2021-07,2021,Latin America,Commercial,13670544,0.93
2021-07,2021,Latin America,Health,8511678,0.9600000000000001
2021-07,2021,Latin America,Life,15370579,0.93
2021-07,2021,Latin America,Motor,21139619,0.93
2021-07,2021,Latin America,Property,13690163,0.93
2021-07,2021,North America,Commercial,53618809,0.93
2021-07,2021,North America,Health,25302370,0.9600000000000001
2021-07,2021,North America,Life,30602708,0.93
2021-07,2021,North America,Motor,62703993,0.93
2021-07,2021,North America,Property,39572838,0.93
2021-08,2021,Asia-Pacific,Commercial,18934690,0.93
2021-08,2021,Asia-Pacific,Health,18164454,0.9600000000000001
2021-08,2021,Asia-Pacific,Life,31298395,0.93
2021-08,2021,Asia-Pacific,Motor,44132097,0.93
2021-08,2021,Asia-Pacific,Property,29302237,0.93
2021-08,2021,Europe,Commercial,44217846,0.93
2021-08,2021,Europe,Health,39865039,0.9600000000000001
2021-08,2021,Europe,Life,69288780,0.93
2021-08,2021,Europe,Motor,95599518,0.93
2021-08,2021,Europe,Property,65573536,0.93
2021-08,2021,Latin America,Commercial,9268884,0.93
2021-08,2021,Latin America,Health,8927947,0.9600000000000001
2021-08,2021,Latin America,Life,15875084,0.93
2021-08,2021,Latin America,Motor,21721968,0.93
2021-08,2021,Latin America,Property,13925520,0.93
2021-08,2021,North America,Commercial,39539838,0.93
2021-08,2021,North America,Health,25299608,0.9600000000000001
2021-08,2021,North America,Life,29372559,0.93
2021-08,2021,North America,Motor,59459139,0.93
2021-08,2021,North America,Property,40868696,0.93
2021-09,2021,Asia-Pacific,Commercial,19491229,0.93
2021-09,2021,Asia-Pacific,Health,18204452,0.9600000000000001
2021-09,2021,Asia-Pacific,Life,31780656,0.93
2021-09,2021,Asia-Pacific,Motor,45398005,0.93
2021-09,2021,Asia-Pacific,Property,29302116,0.93
2021-09,2021,Europe,Commercial,41449169,0.93
2021-09,2021,Europe,Health,40376669,0.9600000000000001
2021-09,2021,Europe,Life,70690800,0.93
2021-09,2021,Europe,Motor,96706274,0.93
2021-09,2021,Europe,Property,65228864,0.93
2021-09,2021,Latin America,Commercial,9650516,0.93
2021-09,2021,Latin America,Health,8958389,0.9600000000000001
2021-09,2021,Latin America,Life,15215267,0.93
2021-09,2021,Latin America,Motor,21579846,0.93
2021-09,2021,Latin America,Property,14550525,0.93
2021-09,2021,North America,Commercial,39385074,0.93
2021-09,2021,North America,Health,25409393,0.9600000000000001
2021-09,2021,North America,Life,30119049,0.93
2021-09,2021,North America,Motor,59506149,0.93
2021-09,2021,North America,Property,40102905,0.93
2021-10,2021,Asia-Pacific,Commercial,20328835,0.93
2021-10,2021,Asia-Pacific,Health,18753117,0.9600000000000001
2021-10,2021,Asia-Pacific,Life,31841729,0.93
2021-10,2021,Asia-Pacific,Motor,45344912,0.93
2021-10,2021,Asia-Pacific,Property,30022493,0.93
2021-10,2021,Europe,Commercial,42379580,0.93
2021-10,2021,Europe,Health,40180370,0.9600000000000001
2021-10,2021,Europe,Life,69881568,0.93
2021-10,2021,Europe,Motor,99890057,0.93
2021-10,2021,Europe,Property,62701138,0.93
2021-10,2021,Latin America,Commercial,9084840,0.93
2021-10,2021,Latin America,Health,9168893,0.9600000000000001
2021-10,2021,Latin America,Life,15428844,0.93
2021-10,2021,Latin America,Motor,22402519,0.93
2021-10,2021,Latin America,Property,14487470,0.93
2021-10,2021,North America,Commercial,38714726,0.93
2021-10,2021,North America,Health,25101226,0.9600000000000001
2021-10,2021,North America,Life,31303810,0.93
2021-10,2021,North America,Motor,60081676,0.93
2021-10,2021,North America,Property,40542554,0.93
2021-11,2021,Asia-Pacific,Commercial,20320656,0.93
2021-11,2021,Asia-Pacific,Health,18753837,0.9600000000000001
2021-11,2021,Asia-Pacific,Life,32895521,0.93
2021-11,2021,Asia-Pacific,Motor,46553322,0.93
2021-11,2021,Asia-Pacific,Property,30687336,0.93
2021-11,2021,Europe,Commercial,44082712,0.93
2021-11,2021,Europe,Health,41374527,0.9600000000000001
2021-11,2021,Europe,Life,70338818,0.93
2021-11,2021,Europe,Motor,96597038,0.93
2021-11,2021,Europe,Property,62452060,0.93
2021-11,2021,Latin America,Commercial,9504514,0.93
2021-11,2021,Latin America,Health,9078143,0.9600000000000001
2021-11,2021,Latin America,Life,16026323,0.93
2021-11,2021,Latin America,Motor,21350349,0.93
2021-11,2021,Latin America,Property,14353983,0.93
2021-11,2021,North America,Commercial,39251879,0.93
2021-11,2021,North America,Health,25935587,0.9600000000000001
2021-11,2021,North America,Life,31159907,0.93
2021-11,2021,North America,Motor,62185952,0.93
2021-11,2021,North America,Property,41750866,0.93
2021-12,2021,Asia-Pacific,Commercial,20076844,0.93
2021-12,2021,Asia-Pacific,Health,19711853,0.9600000000000001
2021-12,2021,Asia-Pacific,Life,31967535,0.93
2021-12,2021,Asia-Pacific,Motor,45772415,0.93
2021-12,2021,Asia-Pacific,Property,30481209,0.93
2021-12,2021,Europe,Commercial,41270923,0.93
2021-12,2021,Europe,Health,39635816,0.9600000000000001
2021-12,2021,Europe,Life,70834599,0.93
2021-12,2021,Europe,Motor,97498295,0.93
2021-12,2021,Europe,Property,63502176,0.93
2021-12,2021,Latin America,Commercial,10020243,0.93
2021-12,2021,Latin America,Health,9054645,0.9600000000000001
2021-12,2021,Latin America,Life,15956852,0.93
2021-12,2021,Latin America,Motor,22282002,0.93
2021-12,2021,Latin America,Property,14557570,0.93
2021-12,2021,North America,Commercial,42265142,0.93
2021-12,2021,North America,Health,26211025,0.9600000000000001
2021-12,2021,North America,Life,29948381,0.93
2021-12,2021,North America,Motor,62228204,0.93
2021-12,2021,North America,Property,42423836,0.93
2022-01,2022,Asia-Pacific,Commercial,40736533,0.92
2022-01,2022,Asia-Pacific,Health,24533363,0.9500000000000001
2022-01,2022,Asia-Pacific,Life,31161742,0.92
2022-01,2022,Asia-Pacific,Motor,40470122,0.92
2022-01,2022,Asia-Pacific,Property,28096643,0.92
2022-01,2022,Europe,Commercial,93666311,0.92
2022-01,2022,Europe,Health,56216876,0.9500000000000001
2022-01,2022,Europe,Life,70692826,0.92
2022-01,2022,Europe,Motor,95960781,0.92
2022-01,2022,Europe,Property,65286902,0.92
2022-01,2022,Latin America,Commercial,19999493,0.92
2022-01,2022,Latin America,Health,12138003,0.9500000000000001
2022-01,2022,Latin America,Life,15016696,0.92
2022-01,2022,Latin America,Motor,21121334,0.92
2022-01,2022,Latin America,Property,13414855,0.92
2022-01,2022,North America,Commercial,87525318,0.92
2022-01,2022,North America,Health,34548777,0.9500000000000001
2022-01,2022,North America,Life,30694606,0.92
2022-01,2022,North America,Motor,56334006,0.92
2022-01,2022,North America,Property,38835310,0.92
2022-02,2022,Asia-Pacific,Commercial,19125809,0.92
2022-02,2022,Asia-Pacific,Health,17276719,0.9500000000000001
2022-02,2022,Asia-Pacific,Life,31438089,0.92
2022-02,2022,Asia-Pacific,Motor,42693502,0.92
2022-02,2022,Asia-Pacific,Property,28862719,0.92
2022-02,2022,Europe,Commercial,43218542,0.92
2022-02,2022,Europe,Health,40178376,0.9500000000000001
2022-02,2022,Europe,Life,70344149,0.92
2022-02,2022,Europe,Motor,95533541,0.92
2022-02,2022,Europe,Property,62797765,0.92
2022-02,2022,Latin America,Commercial,9323134,0.92
2022-02,2022,Latin America,Health,8850790,0.9500000000000001
2022-02,2022,Latin America,Life,15367938,0.92
2022-02,2022,Latin America,Motor,20413304,0.92
2022-02,2022,Latin America,Property,13743119,0.92
2022-02,2022,North America,Commercial,39193207,0.92
2022-02,2022,North America,Health,25086643,0.9500000000000001
2022-02,2022,North America,Life,30885582,0.92
2022-02,2022,North America,Motor,59600669,0.92
2022-02,2022,North America,Property,37907298,0.92
2022-03,2022,Asia-Pacific,Commercial,18598821,0.92
2022-03,2022,Asia-Pacific,Health,18137445,0.9500000000000001
2022-03,2022,Asia-Pacific,Life,30221571,0.92
2022-03,2022,Asia-Pacific,Motor,43329160,0.92
2022-03,2022,Asia-Pacific,Property,28744025,0.92
2022-03,2022,Europe,Commercial,42510006,0.92
2022-03,2022,Europe,Health,40502811,0.9500000000000001
2022-03,2022,Europe,Life,69410697,0.92
2022-03,2022,Europe,Motor,98025608,0.92
2022-03,2022,Europe,Property,65647842,0.92
2022-03,2022,Latin America,Commercial,9185212,0.92
2022-03,2022,Latin America,Health,8903756,0.9500000000000001
2022-03,2022,Latin America,Life,15495905,0.92
2022-03,2022,Latin America,Motor,21094027,0.92
2022-03,2022,Latin America,Property,13923666,0.92
2022-03,2022,North America,Commercial,39915434,0.92
2022-03,2022,North America,Health,25187494,0.9500000000000001
2022-03,2022,North America,Life,31622970,0.92
2022-03,2022,North America,Motor,60889784,0.92
2022-03,2022,North America,Property,39965205,0.92
2022-04,2022,Asia-Pacific,Commercial,19412060,0.92
2022-04,2022,Asia-Pacific,Health,18442330,0.9500000000000001
2022-04,2022,Asia-Pacific,Life,31557957,0.92
2022-04,2022,Asia-Pacific,Motor,44585947,0.92
2022-04,2022,Asia-Pacific,Property,29683760,0.92
2022-04,2022,Europe,Commercial,43224551,0.92
2022-04,2022,Europe,Health,41097947,0.9500000000000001
2022-04,2022,Europe,Life,72081024,0.92
2022-04,2022,Europe,Motor,97844625,0.92
2022-04,2022,Europe,Property,65195069,0.92
2022-04,2022,Latin America,Commercial,9658634,0.92
2022-04,2022,Latin America,Health,9075692,0.9500000000000001
2022-04,2022,Latin America,Life,15245557,0.92
2022-04,2022,Latin America,Motor,20812312,0.92
2022-04,2022,Latin America,Property,14454167,0.92
2022-04,2022,North America,Commercial,40557806,0.92
2022-04,2022,North America,Health,25827457,0.9500000000000001
2022-04,2022,North America,Life,29123225,0.92
2022-04,2022,North America,Motor,61112744,0.92
2022-04,2022,North America,Property,40281769,0.92
2022-05,2022,Asia-Pacific,Commercial,20221065,0.92
2022-05,2022,Asia-Pacific,Health,18243060,0.9500000000000001
2022-05,2022,Asia-Pacific,Life,31625879,0.92
2022-05,2022,Asia-Pacific,Motor,42716390,0.92
2022-05,2022,Asia-Pacific,Property,29112558,0.92
2022-05,2022,Europe,Commercial,42021640,0.92
2022-05,2022,Europe,Health,40378478,0.9500000000000001
2022-05,2022,Europe,Life,70298264,0.92
2022-05,2022,Europe,Motor,96584248,0.92
2022-05,2022,Europe,Property,66267696,0.92
2022-05,2022,Latin America,Commercial,9566592,0.92
2022-05,2022,Latin America,Health,8933836,0.9500000000000001
2022-05,2022,Latin America,Life,14861942,0.92
2022-05,2022,Latin America,Motor,21698049,0.92
2022-05,2022,Latin America,Property,14213115,0.92
2022-05,2022,North America,Commercial,38613957,0.92
2022-05,2022,North America,Health,25897187,0.9500000000000001
2022-05,2022,North America,Life,31701356,0.92
2022-05,2022,North America,Motor,59820831,0.92
2022-05,2022,North America,Property,42384674,0.92
2022-06,2022,Asia-Pacific,Commercial,19015250,0.92
2022-06,2022,Asia-Pacific,Health,18007104,0.9500000000000001
2022-06,2022,Asia-Pacific,Life,31069853,0.92
2022-06,2022,Asia-Pacific,Motor,44073135,0.92
2022-06,2022,Asia-Pacific,Property,29243162,0.92
2022-06,2022,Europe,Commercial,43221017,0.92
2022-06,2022,Europe,Health,41063500,0.9500000000000001
2022-06,2022,Europe,Life,70032479,0.92
2022-06,2022,Europe,Motor,99372695,0.92
2022-06,2022,Europe,Property,66105249,0.92
2022-06,2022,Latin America,Commercial,9854104,0.92
2022-06,2022,Latin America,Health,8964147,0.9500000000000001
2022-06,2022,Latin America,Life,15296395,0.92
2022-06,2022,Latin America,Motor,22057930,0.92
2022-06,2022,Latin America,Property,14325254,0.92
2022-06,2022,North America,Commercial,40205647,0.92
2022-06,2022,North America,Health,27050353,0.9500000000000001
2022-06,2022,North America,Life,33284611,0.92
2022-06,2022,North America,Motor,60178255,0.92
2022-06,2022,North America,Property,41710662,0.92
2022-07,2022,Asia-Pacific,Commercial,27682106,0.92
2022-07,2022,Asia-Pacific,Health,18731073,0.9500000000000001
2022-07,2022,Asia-Pacific,Life,31946563,0.92
2022-07,2022,Asia-Pacific,Motor,44229047,0.92
2022-07,2022,Asia-Pacific,Property,30139419,0.92
2022-07,2022,Europe,Commercial,64016295,0.92
2022-07,2022,Europe,Health,41164841,0.9500000000000001
2022-07,2022,Europe,Life,70229817,0.92
2022-07,2022,Europe,Motor,99891093,0.92
2022-07,2022,Europe,Property,66560456,0.92
2022-07,2022,Latin America,Commercial,14113421,0.92
2022-07,2022,Latin America,Health,8842643,0.9500000000000001
2022-07,2022,Latin America,Life,15414575,0.92
2022-07,2022,Latin America,Motor,21593010,0.92
2022-07,2022,Latin America,Property,14147770,0.92
2022-07,2022,North America,Commercial,55578656,0.92
2022-07,2022,North America,Health,25915643,0.9500000000000001
2022-07,2022,North America,Life,31483303,0.92
2022-07,2022,North America,Motor,64698266,0.92
2022-07,2022,North America,Property,41132500,0.92
2022-08,2022,Asia-Pacific,Commercial,20030269,0.92
2022-08,2022,Asia-Pacific,Health,18832882,0.9500000000000001
2022-08,2022,Asia-Pacific,Life,32968492,0.92
2022-08,2022,Asia-Pacific,Motor,44972196,0.92
2022-08,2022,Asia-Pacific,Property,29406338,0.92
2022-08,2022,Europe,Commercial,44636900,0.92
2022-08,2022,Europe,Health,40394019,0.9500000000000001
2022-08,2022,Europe,Life,72133744,0.92
2022-08,2022,Europe,Motor,99540763,0.92
2022-08,2022,Europe,Property,67485388,0.92
2022-08,2022,Latin America,Commercial,9484601,0.92
2022-08,2022,Latin America,Health,9116666,0.9500000000000001
2022-08,2022,Latin America,Life,16287782,0.92
2022-08,2022,Latin America,Motor,22323414,0.92
2022-08,2022,Latin America,Property,14033213,0.92
2022-08,2022,North America,Commercial,39838932,0.92
2022-08,2022,North America,Health,26171610,0.9500000000000001
2022-08,2022,North America,Life,30428571,0.92
2022-08,2022,North America,Motor,60993408,0.92
2022-08,2022,North America,Property,43134379,0.92
2022-09,2022,Asia-Pacific,Commercial,20388438,0.92
2022-09,2022,Asia-Pacific,Health,19018333,0.9500000000000001
2022-09,2022,Asia-Pacific,Life,32482928,0.92
2022-09,2022,Asia-Pacific,Motor,47092508,0.92
2022-09,2022,Asia-Pacific,Property,30431514,0.92
2022-09,2022,Europe,Commercial,42978977,0.92
2022-09,2022,Europe,Health,42199798,0.9500000000000001
2022-09,2022,Europe,Life,71813723,0.92
2022-09,2022,Europe,Motor,98988010,0.92
2022-09,2022,Europe,Property,64921802,0.92
2022-09,2022,Latin America,Commercial,9918329,0.92
2022-09,2022,Latin America,Health,9053648,0.9500000000000001
2022-09,2022,Latin America,Life,15847449,0.92
2022-09,2022,Latin America,Motor,21976995,0.92
2022-09,2022,Latin America,Property,14912736,0.92
2022-09,2022,North America,Commercial,40756711,0.92
2022-09,2022,North America,Health,26301504,0.9500000000000001
2022-09,2022,North America,Life,31308013,0.92
2022-09,2022,North America,Motor,61334122,0.92
2022-09,2022,North America,Property,40389814,0.92
2022-10,2022,Asia-Pacific,Commercial,20619803,0.92
2022-10,2022,Asia-Pacific,Health,19022349,0.9500000000000001
2022-10,2022,Asia-Pacific,Life,33383550,0.92
2022-10,2022,Asia-Pacific,Motor,46111424,0.92
2022-10,2022,Asia-Pacific,Property,30946911,0.92
2022-10,2022,Europe,Commercial,43886542,0.92
2022-10,2022,Europe,Health,41275180,0.9500000000000001
2022-10,2022,Europe,Life,73480431,0.92
2022-10,2022,Europe,Motor,100452609,0.92
2022-10,2022,Europe,Property,64327023,0.92
2022-10,2022,Latin America,Commercial,9468645,0.92
2022-10,2022,Latin America,Health,9085827,0.9500000000000001
2022-10,2022,Latin America,Life,15911167,0.92
2022-10,2022,Latin America,Motor,22836224,0.92
2022-10,2022,Latin America,Property,15383238,0.92
2022-10,2022,North America,Commercial,39841558,0.92
2022-10,2022,North America,Health,26154529,0.9500000000000001
2022-10,2022,North America,Life,32103605,0.92
2022-10,2022,North America,Motor,62457136,0.92
2022-10,2022,North America,Property,41541332,0.92
2022-11,2022,Asia-Pacific,Commercial,20470646,0.92
2022-11,2022,Asia-Pacific,Health,19498534,0.9500000000000001
2022-11,2022,Asia-Pacific,Life,33474932,0.92
2022-11,2022,Asia-Pacific,Motor,47190908,0.92
2022-11,2022,Asia-Pacific,Property,30721300,0.92
2022-11,2022,Europe,Commercial,44931673,0.92
2022-11,2022,Europe,Health,41991331,0.9500000000000001
2022-11,2022,Europe,Life,72698958,0.92
2022-11,2022,Europe,Motor,102007427,0.92
2022-11,2022,Europe,Property,65319627,0.92
2022-11,2022,Latin America,Commercial,9852273,0.92
2022-11,2022,Latin America,Health,9320271,0.9500000000000001
2022-11,2022,Latin America,Life,16214643,0.92
2022-11,2022,Latin America,Motor,22233332,0.92
2022-11,2022,Latin America,Property,14804298,0.92
2022-11,2022,North America,Commercial,40742924,0.92
2022-11,2022,North America,Health,26544197,0.9500000000000001
2022-11,2022,North America,Life,32762346,0.92
2022-11,2022,North America,Motor,65341077,0.92
2022-11,2022,North America,Property,42057991,0.92
2022-12,2022,Asia-Pacific,Commercial,21040372,0.92
2022-12,2022,Asia-Pacific,Health,19997547,0.9500000000000001
2022-12,2022,Asia-Pacific,Life,33548660,0.92
2022-12,2022,Asia-Pacific,Motor,47429296,0.92
2022-12,2022,Asia-Pacific,Property,31100434,0.92
2022-12,2022,Europe,Commercial,43007758,0.92
2022-12,2022,Europe,Health,42584678,0.9500000000000001
2022-12,2022,Europe,Life,73220025,0.92
2022-12,2022,Europe,Motor,100727259,0.92
2022-12,2022,Europe,Property,65958269,0.92
2022-12,2022,Latin America,Commercial,10141648,0.92
2022-12,2022,Latin America,Health,9430350,0.9500000000000001
2022-12,2022,Latin America,Life,16621629,0.92
2022-12,2022,Latin America,Motor,22455136,0.92
2022-12,2022,Latin America,Property,14828809,0.92
2022-12,2022,North America,Commercial,42332316,0.92
2022-12,2022,North America,Health,26736065,0.9500000000000001
2022-12,2022,North America,Life,30966233,0.92
2022-12,2022,North America,Motor,64152648,0.92
2022-12,2022,North America,Property,42254760,0.92
2023-01,2023,Asia-Pacific,Commercial,43683797,0.915
2023-01,2023,Asia-Pacific,Health,27884922,0.9450000000000001
2023-01,2023,Asia-Pacific,Life,33642661,0.915
2023-01,2023,Asia-Pacific,Motor,50114147,0.915
2023-01,2023,Asia-Pacific,Property,31842304,0.915
2023-01,2023,Europe,Commercial,91245325,0.915
2023-01,2023,Europe,Health,57755244,0.9450000000000001
2023-01,2023,Europe,Life,70709453,0.915
2023-01,2023,Europe,Motor,104269065,0.915
2023-01,2023,Europe,Property,66902413,0.915
2023-01,2023,Latin America,Commercial,20681192,0.915
2023-01,2023,Latin America,Health,13260930,0.9450000000000001
2023-01,2023,Latin America,Life,16724285,0.915
2023-01,2023,Latin America,Motor,23422008,0.915
2023-01,2023,Latin America,Property,15362711,0.915
2023-01,2023,North America,Commercial,85952797,0.915
2023-01,2023,North America,Health,37588162,0.9450000000000001
2023-01,2023,North America,Life,33062764,0.915
2023-01,2023,North America,Motor,65304133,0.915
2023-01,2023,North America,Property,43113036,0.915
2023-02,2023,Asia-Pacific,Commercial,21899400,0.915
2023-02,2023,Asia-Pacific,Health,19934609,0.9450000000000001
2023-02,2023,Asia-Pacific,Life,34969600,0.915
2023-02,2023,Asia-Pacific,Motor,49319922,0.915
2023-02,2023,Asia-Pacific,Property,32935070,0.915
2023-02,2023,Europe,Commercial,43453150,0.915
2023-02,2023,Europe,Health,42339240,0.9450000000000001
2023-02,2023,Europe,Life,73175229,0.915
2023-02,2023,Europe,Motor,105392742,0.915
2023-02,2023,Europe,Property,67399063,0.915
2023-02,2023,Latin America,Commercial,9664411,0.915
2023-02,2023,Latin America,Health,9382960,0.9450000000000001
2023-02,2023,Latin America,Life,16059301,0.915
2023-02,2023,Latin America,Motor,24231600,0.915
2023-02,2023,Latin America,Property,15072640,0.915
2023-02,2023,North America,Commercial,38527608,0.915
2023-02,2023,North America,Health,26838117,0.9450000000000001
2023-02,2023,North America,Life,32157077,0.915
2023-02,2023,North America,Motor,63891847,0.915
2023-02,2023,North America,Property,41429298,0.915
2023-03,2023,Asia-Pacific,Commercial,20620269,0.915
2023-03,2023,Asia-Pacific,Health,20461022,0.9450000000000001
2023-03,2023,Asia-Pacific,Life,34235776,0.915
2023-03,2023,Asia-Pacific,Motor,48229582,0.915
2023-03,2023,Asia-Pacific,Property,32769868,0.915
2023-03,2023,Europe,Commercial,44382115,0.915
2023-03,2023,Europe,Health,42685985,0.9450000000000001
2023-03,2023,Europe,Life,74649335,0.915
2023-03,2023,Europe,Motor,103557238,0.915
2023-03,2023,Europe,Property,68618583,0.915
2023-03,2023,Latin America,Commercial,10376487,0.915
2023-03,2023,Latin America,Health,9668053,0.9450000000000001
2023-03,2023,Latin America,Life,16715967,0.915
2023-03,2023,Latin America,Motor,23327609,0.915
2023-03,2023,Latin America,Property,15386880,0.915
2023-03,2023,North America,Commercial,40528567,0.915
2023-03,2023,North America,Health,27240011,0.9450000000000001
2023-03,2023,North America,Life,31110076,0.915
2023-03,2023,North America,Motor,65197057,0.915
2023-03,2023,North America,Property,42240579,0.915
2023-04,2023,Asia-Pacific,Commercial,21314553,0.915
2023-04,2023,Asia-Pacific,Health,20784275,0.9450000000000001
2023-04,2023,Asia-Pacific,Life,34620108,0.915
2023-04,2023,Asia-Pacific,Motor,50731401,0.915
2023-04,2023,Asia-Pacific,Property,33668889,0.915
2023-04,2023,Europe,Commercial,43837921,0.915
2023-04,2023,Europe,Health,41436980,0.9450000000000001
2023-04,2023,Europe,Life,73793705,0.915
2023-04,2023,Europe,Motor,104863790,0.915
2023-04,2023,Europe,Property,67132454,0.915
2023-04,2023,Latin America,Commercial,10103969,0.915
2023-04,2023,Latin America,Health,9495557,0.9450000000000001
2023-04,2023,Latin America,Life,16672072,0.915
2023-04,2023,Latin America,Motor,23351370,0.915
2023-04,2023,Latin America,Property,15752045,0.915
2023-04,2023,North America,Commercial,43092176,0.915
2023-04,2023,North America,Health,26709172,0.9450000000000001
2023-04,2023,North America,Life,32430254,0.915
2023-04,2023,North America,Motor,68649436,0.915
2023-04,2023,North America,Property,42435090,0.915
2023-05,2023,Asia-Pacific,Commercial,21734192,0.915
2023-05,2023,Asia-Pacific,Health,20750209,0.9450000000000001
2023-05,2023,Asia-Pacific,Life,35277597,0.915
2023-05,2023,Asia-Pacific,Motor,50690693,0.915
2023-05,2023,Asia-Pacific,Property,33895599,0.915
2023-05,2023,Europe,Commercial,43210384,0.915
2023-05,2023,Europe,Health,42970564,0.9450000000000001
2023-05,2023,Europe,Life,74059012,0.915
2023-05,2023,Europe,Motor,104960485,0.915
2023-05,2023,Europe,Property,67328606,0.915
2023-05,2023,Latin America,Commercial,9816530,0.915
2023-05,2023,Latin America,Health,9634170,0.9450000000000001
2023-05,2023,Latin America,Life,16768298,0.915
2023-05,2023,Latin America,Motor,24536135,0.915
2023-05,2023,Latin America,Property,15940322,0.915
2023-05,2023,North America,Commercial,41950651,0.915
2023-05,2023,North America,Health,26647677,0.9450000000000001
2023-05,2023,North America,Life,32761458,0.915
2023-05,2023,North America,Motor,67734529,0.915
2023-05,2023,North America,Property,42621341,0.915
2023-06,2023,Asia-Pacific,Commercial,22111424,0.915
2023-06,2023,Asia-Pacific,Health,21188475,0.9450000000000001
2023-06,2023,Asia-Pacific,Life,35988471,0.915
2023-06,2023,Asia-Pacific,Motor,50563987,0.915
2023-06,2023,Asia-Pacific,Property,33784928,0.915
2023-06,2023,Europe,Commercial,43176044,0.915
2023-06,2023,Europe,Health,43232937,0.9450000000000001
2023-06,2023,Europe,Life,73168271,0.915
2023-06,2023,Europe,Motor,102971055,0.915
2023-06,2023,Europe,Property,63904584,0.915
2023-06,2023,Latin America,Commercial,10229900,0.915
2023-06,2023,Latin America,Health,9725149,0.9450000000000001
2023-06,2023,Latin America,Life,16989760,0.915
2023-06,2023,Latin America,Motor,24609549,0.915
2023-06,2023,Latin America,Property,15348714,0.915
2023-06,2023,North America,Commercial,42048721,0.915
2023-06,2023,North America,Health,27662999,0.9450000000000001
2023-06,2023,North America,Life,31824909,0.915
2023-06,2023,North America,Motor,65644103,0.915
2023-06,2023,North America,Property,42962123,0.915
2023-07,2023,Asia-Pacific,Commercial,32737124,0.915
2023-07,2023,Asia-Pacific,Health,21367122,0.9450000000000001
2023-07,2023,Asia-Pacific,Life,37325895,0.915
2023-07,2023,Asia-Pacific,Motor,50816461,0.915
2023-07,2023,Asia-Pacific,Property,34096582,0.915
2023-07,2023,Europe,Commercial,63252094,0.915
2023-07,2023,Europe,Health,42046905,0.9450000000000001
2023-07,2023,Europe,Life,72784765,0.915
2023-07,2023,Europe,Motor,101552425,0.915
2023-07,2023,Europe,Property,68700573,0.915
2023-07,2023,Latin America,Commercial,14613369,0.915
2023-07,2023,Latin America,Health,9668974,0.9450000000000001
2023-07,2023,Latin America,Life,16971442,0.915
2023-07,2023,Latin America,Motor,26085439,0.915
2023-07,2023,Latin America,Property,15604924,0.915
2023-07,2023,North America,Commercial,62420810,0.915
2023-07,2023,North America,Health,26945480,0.9450000000000001
2023-07,2023,North America,Life,33346103,0.915
2023-07,2023,North America,Motor,65910907,0.915
2023-07,2023,North America,Property,44056853,0.915
2023-08,2023,Asia-Pacific,Commercial,23216408,0.915
2023-08,2023,Asia-Pacific,Health,20991708,0.9450000000000001
2023-08,2023,Asia-Pacific,Life,36525278,0.915
2023-08,2023,Asia-Pacific,Motor,51753335,0.915
2023-08,2023,Asia-Pacific,Property,34951400,0.915
2023-08,2023,Europe,Commercial,44149845,0.915
2023-08,2023,Europe,Health,43020580,0.9450000000000001
2023-08,2023,Europe,Life,75068681,0.915
2023-08,2023,Europe,Motor,106458182,0.915
2023-08,2023,Europe,Property,67660286,0.915
2023-08,2023,Latin America,Commercial,10392408,0.915
2023-08,2023,Latin America,Health,9794165,0.9450000000000001
2023-08,2023,Latin America,Life,16904679,0.915
2023-08,2023,Latin America,Motor,24944829,0.915
2023-08,2023,Latin America,Property,15809263,0.915
2023-08,2023,North America,Commercial,41724188,0.915
2023-08,2023,North America,Health,27234627,0.9450000000000001
2023-08,2023,North America,Life,33514862,0.915
2023-08,2023,North America,Motor,66852988,0.915
2023-08,2023,North America,Property,45416662,0.915
2023-09,2023,Asia-Pacific,Commercial,22040786,0.915
2023-09,2023,Asia-Pacific,Health,21911084,0.9450000000000001
2023-09,2023,Asia-Pacific,Life,36905467,0.915
2023-09,2023,Asia-Pacific,Motor,53758855,0.915
2023-09,2023,Asia-Pacific,Property,34801323,0.915
2023-09,2023,Europe,Commercial,43900269,0.915
2023-09,2023,Europe,Health,42427359,0.9450000000000001
2023-09,2023,Europe,Life,70830181,0.915
2023-09,2023,Europe,Motor,105482949,0.915
2023-09,2023,Europe,Property,68049575,0.915
2023-09,2023,Latin America,Commercial,10592897,0.915
2023-09,2023,Latin America,Health,9966531,0.9450000000000001
2023-09,2023,Latin America,Life,17076487,0.915
2023-09,2023,Latin America,Motor,24824947,0.915
2023-09,2023,Latin America,Property,15928615,0.915
2023-09,2023,North America,Commercial,42399902,0.915
2023-09,2023,North America,Health,27580157,0.9450000000000001
2023-09,2023,North America,Life,34354668,0.915
2023-09,2023,North America,Motor,68834636,0.915
2023-09,2023,North America,Property,44362691,0.915
2023-10,2023,Asia-Pacific,Commercial,22857063,0.915
2023-10,2023,Asia-Pacific,Health,21889366,0.9450000000000001
2023-10,2023,Asia-Pacific,Life,38335896,0.915
2023-10,2023,Asia-Pacific,Motor,54643070,0.915
2023-10,2023,Asia-Pacific,Property,35972736,0.915
2023-10,2023,Europe,Commercial,46452477,0.915
2023-10,2023,Europe,Health,42146270,0.9450000000000001
2023-10,2023,Europe,Life,74067391,0.915
2023-10,2023,Europe,Motor,107122478,0.915
2023-10,2023,Europe,Property,69377468,0.915
2023-10,2023,Latin America,Commercial,10805934,0.915
2023-10,2023,Latin America,Health,9968681,0.9450000000000001
2023-10,2023,Latin America,Life,17560944,0.915
2023-10,2023,Latin America,Motor,26401473,0.915
2023-10,2023,Latin America,Property,15929455,0.915
2023-10,2023,North America,Commercial,41052778,0.915
2023-10,2023,North America,Health,27443862,0.9450000000000001
2023-10,2023,North America,Life,34488920,0.915
2023-10,2023,North America,Motor,70144215,0.915
2023-10,2023,North America,Property,43806959,0.915
2023-11,2023,Asia-Pacific,Commercial,22950313,0.915
2023-11,2023,Asia-Pacific,Health,22290731,0.9450000000000001
2023-11,2023,Asia-Pacific,Life,38758035,0.915
2023-11,2023,Asia-Pacific,Motor,53581744,0.915
2023-11,2023,Asia-Pacific,Property,35006102,0.915
2023-11,2023,Europe,Commercial,45202388,0.915
2023-11,2023,Europe,Health,43732734,0.9450000000000001
2023-11,2023,Europe,Life,74490055,0.915
2023-11,2023,Europe,Motor,104512621,0.915
2023-11,2023,Europe,Property,67659992,0.915
2023-11,2023,Latin America,Commercial,10987650,0.915
2023-11,2023,Latin America,Health,10208583,0.9450000000000001
2023-11,2023,Latin America,Life,17359261,0.915
2023-11,2023,Latin America,Motor,26108616,0.915
2023-11,2023,Latin America,Property,16247448,0.915
2023-11,2023,North America,Commercial,43073451,0.915
2023-11,2023,North America,Health,27341787,0.9450000000000001
2023-11,2023,North America,Life,33260610,0.915
2023-11,2023,North America,Motor,69827065,0.915
2023-11,2023,North America,Property,45133395,0.915
2023-12,2023,Asia-Pacific,Commercial,22964559,0.915
2023-12,2023,Asia-Pacific,Health,23324638,0.9450000000000001
2023-12,2023,Asia-Pacific,Life,39489360,0.915
2023-12,2023,Asia-Pacific,Motor,56928229,0.915
2023-12,2023,Asia-Pacific,Property,35907032,0.915
2023-12,2023,Europe,Commercial,46439968,0.915
2023-12,2023,Europe,Health,44932762,0.9450000000000001
2023-12,2023,Europe,Life,74740815,0.915
2023-12,2023,Europe,Motor,105472491,0.915
2023-12,2023,Europe,Property,70540427,0.915
2023-12,2023,Latin America,Commercial,10195188,0.915
2023-12,2023,Latin America,Health,10463875,0.9450000000000001
2023-12,2023,Latin America,Life,17466934,0.915
2023-12,2023,Latin America,Motor,27491266,0.915
2023-12,2023,Latin America,Property,16162541,0.915
2023-12,2023,North America,Commercial,43342888,0.915
2023-12,2023,North America,Health,28725796,0.9450000000000001
2023-12,2023,North America,Life,34365497,0.915
2023-12,2023,North America,Motor,69181059,0.915
2023-12,2023,North America,Property,44592301,0.915
2024-01,2024,Asia-Pacific,Commercial,49291418,0.91
2024-01,2024,Asia-Pacific,Health,31473982,0.9400000000000001
2024-01,2024,Asia-Pacific,Life,39300790,0.91
2024-01,2024,Asia-Pacific,Motor,55941983,0.91
2024-01,2024,Asia-Pacific,Property,35397836,0.91
2024-01,2024,Europe,Commercial,98052767,0.91
2024-01,2024,Europe,Health,61337357,0.9400000000000001
2024-01,2024,Europe,Life,76453289,0.91
2024-01,2024,Europe,Motor,106925076,0.91
2024-01,2024,Europe,Property,69863566,0.91
2024-01,2024,Latin America,Commercial,22653014,0.91
2024-01,2024,Latin America,Health,13950543,0.9400000000000001
2024-01,2024,Latin America,Life,17986900,0.91
2024-01,2024,Latin America,Motor,26763155,0.91
2024-01,2024,Latin America,Property,16681851,0.91
2024-01,2024,North America,Commercial,93068279,0.91
2024-01,2024,North America,Health,39000183,0.9400000000000001
2024-01,2024,North America,Life,33214685,0.91
2024-01,2024,North America,Motor,67691452,0.91
2024-01,2024,North America,Property,45668350,0.91
2024-02,2024,Asia-Pacific,Commercial,24047661,0.91
2024-02,2024,Asia-Pacific,Health,23543881,0.9400000000000001
2024-02,2024,Asia-Pacific,Life,38349101,0.91
2024-02,2024,Asia-Pacific,Motor,55534774,0.91
2024-02,2024,Asia-Pacific,Property,36138693,0.91
2024-02,2024,Europe,Commercial,46100623,0.91
2024-02,2024,Europe,Health,43822831,0.9400000000000001
2024-02,2024,Europe,Life,75501347,0.91
2024-02,2024,Europe,Motor,104956268,0.91
2024-02,2024,Europe,Property,70178425,0.91
2024-02,2024,Latin America,Commercial,10766820,0.91
2024-02,2024,Latin America,Health,10391404,0.9400000000000001
2024-02,2024,Latin America,Life,17835159,0.91
2024-02,2024,Latin America,Motor,27529769,0.91
2024-02,2024,Latin America,Property,16673214,0.91
2024-02,2024,North America,Commercial,42482118,0.91
2024-02,2024,North America,Health,28768243,0.9400000000000001
2024-02,2024,North America,Life,34841590,0.91
2024-02,2024,North America,Motor,70407069,0.91
2024-02,2024,North America,Property,46723403,0.91
2024-03,2024,Asia-Pacific,Commercial,23106270,0.91
2024-03,2024,Asia-Pacific,Health,23005878,0.9400000000000001
2024-03,2024,Asia-Pacific,Life,39182488,0.91
2024-03,2024,Asia-Pacific,Motor,58979370,0.91
2024-03,2024,Asia-Pacific,Property,37494976,0.91
2024-03,2024,Europe,Commercial,46313318,0.91
2024-03,2024,Europe,Health,45527984,0.9400000000000001
2024-03,2024,Europe,Life,76891551,0.91
2024-03,2024,Europe,Motor,108157681,0.91
2024-03,2024,Europe,Property,69887392,0.91
2024-03,2024,Latin America,Commercial,11738797,0.91
2024-03,2024,Latin America,Health,10157057,0.9400000000000001
2024-03,2024,Latin America,Life,17947892,0.91
2024-03,2024,Latin America,Motor,28137406,0.91
2024-03,2024,Latin America,Property,16348789,0.91
2024-03,2024,North America,Commercial,42729526,0.91
2024-03,2024,North America,Health,29237319,0.9400000000000001
2024-03,2024,North America,Life,36399027,0.91
2024-03,2024,North America,Motor,71185676,0.91
2024-03,2024,North America,Property,47149420,0.91
2024-04,2024,Asia-Pacific,Commercial,24099868,0.91
2024-04,2024,Asia-Pacific,Health,24080409,0.9400000000000001
2024-04,2024,Asia-Pacific,Life,39032072,0.91
2024-04,2024,Asia-Pacific,Motor,57604173,0.91
2024-04,2024,Asia-Pacific,Property,37662751,0.91
2024-04,2024,Europe,Commercial,42923153,0.91
2024-04,2024,Europe,Health,44301608,0.9400000000000001
2024-04,2024,Europe,Life,73147487,0.91
2024-04,2024,Europe,Motor,109816526,0.91
2024-04,2024,Europe,Property,71156402,0.91
2024-04,2024,Latin America,Commercial,11048460,0.91
2024-04,2024,Latin America,Health,10423497,0.9400000000000001
2024-04,2024,Latin America,Life,17718920,0.91
2024-04,2024,Latin America,Motor,28802174,0.91
2024-04,2024,Latin America,Property,17105390,0.91
2024-04,2024,North America,Commercial,41537626,0.91
2024-04,2024,North America,Health,27982168,0.9400000000000001
2024-04,2024,North America,Life,35236179,0.91
2024-04,2024,North America,Motor,72572870,0.91
2024-04,2024,North America,Property,46795748,0.91
2024-05,2024,Asia-Pacific,Commercial,24690642,0.91
2024-05,2024,Asia-Pacific,Health,23717335,0.9400000000000001
2024-05,2024,Asia-Pacific,Life,40353094,0.91
2024-05,2024,Asia-Pacific,Motor,60464773,0.91
2024-05,2024,Asia-Pacific,Property,37805281,0.91
2024-05,2024,Europe,Commercial,45099499,0.91
2024-05,2024,Europe,Health,44177650,0.9400000000000001
2024-05,2024,Europe,Life,74721410,0.91
2024-05,2024,Europe,Motor,109714535,0.91
2024-05,2024,Europe,Property,73439579,0.91
2024-05,2024,Latin America,Commercial,11164677,0.91
2024-05,2024,Latin America,Health,10607756,0.9400000000000001
2024-05,2024,Latin America,Life,17882103,0.91
2024-05,2024,Latin America,Motor,29174553,0.91
2024-05,2024,Latin America,Property,17323097,0.91
2024-05,2024,North America,Commercial,43276327,0.91
2024-05,2024,North America,Health,28874159,0.9400000000000001
2024-05,2024,North America,Life,35349051,0.91
2024-05,2024,North America,Motor,74512141,0.91
2024-05,2024,North America,Property,47513482,0.91
2024-06,2024,Asia-Pacific,Commercial,24732472,0.91
2024-06,2024,Asia-Pacific,Health,24665985,0.9400000000000001
2024-06,2024,Asia-Pacific,Life,41017397,0.91
2024-06,2024,Asia-Pacific,Motor,62479104,0.91
2024-06,2024,Asia-Pacific,Property,38337419,0.91
2024-06,2024,Europe,Commercial,45874041,0.91
2024-06,2024,Europe,Health,45208129,0.9400000000000001
2024-06,2024,Europe,Life,74554161,0.91
2024-06,2024,Europe,Motor,109997184,0.91
2024-06,2024,Europe,Property,70357833,0.91
2024-06,2024,Latin America,Commercial,11626054,0.91
2024-06,2024,Latin America,Health,10377056,0.9400000000000001
2024-06,2024,Latin America,Life,18364470,0.91
2024-06,2024,Latin America,Motor,28510063,0.91
2024-06,2024,Latin America,Property,17469854,0.91
2024-06,2024,North America,Commercial,43541592,0.91
2024-06,2024,North America,Health,29616699,0.9400000000000001
2024-06,2024,North America,Life,34447603,0.91
2024-06,2024,North America,Motor,75258850,0.91
2024-06,2024,North America,Property,48746739,0.91
2024-07,2024,Asia-Pacific,Commercial,37223244,0.91
2024-07,2024,Asia-Pacific,Health,24516400,0.9400000000000001
2024-07,2024,Asia-Pacific,Life,41942046,0.91
2024-07,2024,Asia-Pacific,Motor,60638957,0.91
2024-07,2024,Asia-Pacific,Property,39435254,0.91
2024-07,2024,Europe,Commercial,65605059,0.91
2024-07,2024,Europe,Health,44922668,0.9400000000000001
2024-07,2024,Europe,Life,74578001,0.91
2024-07,2024,Europe,Motor,112239885,0.91
2024-07,2024,Europe,Property,75474795,0.91
2024-07,2024,Latin America,Commercial,16193950,0.91
2024-07,2024,Latin America,Health,10882526,0.9400000000000001
2024-07,2024,Latin America,Life,19014048,0.91
2024-07,2024,Latin America,Motor,29356103,0.91
2024-07,2024,Latin America,Property,17568031,0.91
2024-07,2024,North America,Commercial,64162466,0.91
2024-07,2024,North America,Health,28667460,0.9400000000000001
2024-07,2024,North America,Life,34460233,0.91
2024-07,2024,North America,Motor,77648945,0.91
2024-07,2024,North America,Property,47476726,0.91
2024-08,2024,Asia-Pacific,Commercial,27674834,0.91
2024-08,2024,Asia-Pacific,Health,24658795,0.9400000000000001
2024-08,2024,Asia-Pacific,Life,41478260,0.91
2024-08,2024,Asia-Pacific,Motor,61141257,0.91
2024-08,2024,Asia-Pacific,Property,41107603,0.91
2024-08,2024,Europe,Commercial,47140629,0.91
2024-08,2024,Europe,Health,45313934,0.9400000000000001
2024-08,2024,Europe,Life,75198442,0.91
2024-08,2024,Europe,Motor,111670479,0.91
2024-08,2024,Europe,Property,72183558,0.91
2024-08,2024,Latin America,Commercial,11361339,0.91
2024-08,2024,Latin America,Health,10720468,0.9400000000000001
2024-08,2024,Latin America,Life,18670021,0.91
2024-08,2024,Latin America,Motor,29952883,0.91
2024-08,2024,Latin America,Property,17879249,0.91
2024-08,2024,North America,Commercial,43265057,0.91
2024-08,2024,North America,Health,29554477,0.9400000000000001
2024-08,2024,North America,Life,36057421,0.91
2024-08,2024,North America,Motor,76865489,0.91
2024-08,2024,North America,Property,48113478,0.91
2024-09,2024,Asia-Pacific,Commercial,25935441,0.91
2024-09,2024,Asia-Pacific,Health,25276276,0.9400000000000001
2024-09,2024,Asia-Pacific,Life,41102777,0.91
2024-09,2024,Asia-Pacific,Motor,64250875,0.91
2024-09,2024,Asia-Pacific,Property,40221410,0.91
2024-09,2024,Europe,Commercial,46861013,0.91
2024-09,2024,Europe,Health,44621074,0.9400000000000001
2024-09,2024,Europe,Life,75848395,0.91
2024-09,2024,Europe,Motor,115435350,0.91
2024-09,2024,Europe,Property,75291144,0.91
2024-09,2024,Latin America,Commercial,11318995,0.91
2024-09,2024,Latin America,Health,11056920,0.9400000000000001
2024-09,2024,Latin America,Life,18327690,0.91
2024-09,2024,Latin America,Motor,30306318,0.91
2024-09,2024,Latin America,Property,17694323,0.91
2024-09,2024,North America,Commercial,46484515,0.91
2024-09,2024,North America,Health,28798163,0.9400000000000001
2024-09,2024,North America,Life,36944833,0.91
2024-09,2024,North America,Motor,78031879,0.91
2024-09,2024,North America,Property,50067731,0.91
2024-10,2024,Asia-Pacific,Commercial,25342070,0.91
2024-10,2024,Asia-Pacific,Health,25936746,0.9400000000000001
2024-10,2024,Asia-Pacific,Life,42499402,0.91
2024-10,2024,Asia-Pacific,Motor,65916099,0.91
2024-10,2024,Asia-Pacific,Property,42369376,0.91
2024-10,2024,Europe,Commercial,47090320,0.91
2024-10,2024,Europe,Health,44215720,0.9400000000000001
2024-10,2024,Europe,Life,76194233,0.91
2024-10,2024,Europe,Motor,115986043,0.91
2024-10,2024,Europe,Property,75393376,0.91
2024-10,2024,Latin America,Commercial,11277707,0.91
2024-10,2024,Latin America,Health,10973749,0.9400000000000001
2024-10,2024,Latin America,Life,18517712,0.91
2024-10,2024,Latin America,Motor,31503509,0.91
2024-10,2024,Latin America,Property,18195129,0.91
2024-10,2024,North America,Commercial,44786092,0.91
2024-10,2024,North America,Health,28778172,0.9400000000000001
2024-10,2024,North America,Life,35189539,0.91
2024-10,2024,North America,Motor,77805209,0.91
2024-10,2024,North America,Property,50170203,0.91
2024-11,2024,Asia-Pacific,Commercial,25828918,0.91
2024-11,2024,Asia-Pacific,Health,25335659,0.9400000000000001
2024-11,2024,Asia-Pacific,Life,44607306,0.91
2024-11,2024,Asia-Pacific,Motor,66420649,0.91
2024-11,2024,Asia-Pacific,Property,40960385,0.91
2024-11,2024,Europe,Commercial,47103387,0.91
2024-11,2024,Europe,Health,46412555,0.9400000000000001
2024-11,2024,Europe,Life,75634400,0.91
2024-11,2024,Europe,Motor,116242097,0.91
2024-11,2024,Europe,Property,76657531,0.91
2024-11,2024,Latin America,Commercial,11629519,0.91
2024-11,2024,Latin America,Health,11192421,0.9400000000000001
2024-11,2024,Latin America,Life,18861134,0.91
2024-11,2024,Latin America,Motor,31658824,0.91
2024-11,2024,Latin America,Property,18392371,0.91
2024-11,2024,North America,Commercial,45604155,0.91
2024-11,2024,North America,Health,29572178,0.9400000000000001
2024-11,2024,North America,Life,35578393,0.91
2024-11,2024,North America,Motor,76269624,0.91
2024-11,2024,North America,Property,48639104,0.91
2024-12,2024,Asia-Pacific,Commercial,26595921,0.91
2024-12,2024,Asia-Pacific,Health,25766425,0.9400000000000001
2024-12,2024,Asia-Pacific,Life,43284824,0.91
2024-12,2024,Asia-Pacific,Motor,68584957,0.91
2024-12,2024,Asia-Pacific,Property,42001714,0.91
2024-12,2024,Europe,Commercial,46309094,0.91
2024-12,2024,Europe,Health,43407605,0.9400000000000001
2024-12,2024,Europe,Life,77747409,0.91
2024-12,2024,Europe,Motor,116907031,0.91
2024-12,2024,Europe,Property,76346153,0.91
2024-12,2024,Latin America,Commercial,11719421,0.91
2024-12,2024,Latin America,Health,10931529,0.9400000000000001
2024-12,2024,Latin America,Life,18617441,0.91
2024-12,2024,Latin America,Motor,31515577,0.91
2024-12,2024,Latin America,Property,18496930,0.91
2024-12,2024,North America,Commercial,44428499,0.91
2024-12,2024,North America,Health,30161454,0.9400000000000001
2024-12,2024,North America,Life,34191160,0.91
2024-12,2024,North America,Motor,78621355,0.91
2024-12,2024,North America,Property,52295913,0.91
2025-01,2025,Asia-Pacific,Commercial,57766366,0.905
2025-01,2025,Asia-Pacific,Health,36052187,0.935
2025-01,2025,Asia-Pacific,Life,43647300,0.905
2025-01,2025,Asia-Pacific,Motor,68875520,0.905
2025-01,2025,Asia-Pacific,Property,43379301,0.905
2025-01,2025,Europe,Commercial,101858981,0.905
2025-01,2025,Europe,Health,62094623,0.935
2025-01,2025,Europe,Life,76594313,0.905
2025-01,2025,Europe,Motor,119501719,0.905
2025-01,2025,Europe,Property,77813042,0.905
2025-01,2025,Latin America,Commercial,25791395,0.905
2025-01,2025,Latin America,Health,15495070,0.935
2025-01,2025,Latin America,Life,18798479,0.905
2025-01,2025,Latin America,Motor,31908649,0.905
2025-01,2025,Latin America,Property,18893259,0.905
2025-01,2025,North America,Commercial,95496865,0.905
2025-01,2025,North America,Health,41921601,0.935
2025-01,2025,North America,Life,35909143,0.905
2025-01,2025,North America,Motor,83161618,0.905
2025-01,2025,North America,Property,51742270,0.905
2025-02,2025,Asia-Pacific,Commercial,26887840,0.905
2025-02,2025,Asia-Pacific,Health,26410535,0.935
2025-02,2025,Asia-Pacific,Life,44851696,0.905
2025-02,2025,Asia-Pacific,Motor,68660548,0.905
2025-02,2025,Asia-Pacific,Property,44544580,0.905
2025-02,2025,Europe,Commercial,46743214,0.905
2025-02,2025,Europe,Health,46349733,0.935
2025-02,2025,Europe,Life,79757144,0.905
2025-02,2025,Europe,Motor,121912141,0.905
2025-02,2025,Europe,Property,77611778,0.905
2025-02,2025,Latin America,Commercial,11735748,0.905
2025-02,2025,Latin America,Health,11105554,0.935
2025-02,2025,Latin America,Life,18573292,0.905
2025-02,2025,Latin America,Motor,33228984,0.905
2025-02,2025,Latin America,Property,19256605,0.905
2025-02,2025,North America,Commercial,46529081,0.905
2025-02,2025,North America,Health,30753204,0.935
2025-02,2025,North America,Life,35492223,0.905
2025-02,2025,North America,Motor,79163390,0.905
2025-02,2025,North America,Property,50249814,0.905
2025-03,2025,Asia-Pacific,Commercial,27886683,0.905
2025-03,2025,Asia-Pacific,Health,26761700,0.935
2025-03,2025,Asia-Pacific,Life,44810101,0.905
2025-03,2025,Asia-Pacific,Motor,71426307,0.905
2025-03,2025,Asia-Pacific,Property,44427868,0.905
2025-03,2025,Europe,Commercial,45524406,0.905
2025-03,2025,Europe,Health,45064799,0.935
2025-03,2025,Europe,Life,76123643,0.905
2025-03,2025,Europe,Motor,118870515,0.905
2025-03,2025,Europe,Property,74996788,0.905
2025-03,2025,Latin America,Commercial,11850268,0.905
2025-03,2025,Latin America,Health,11566978,0.935
2025-03,2025,Latin America,Life,18713185,0.905
2025-03,2025,Latin America,Motor,33523007,0.905
2025-03,2025,Latin America,Property,19157504,0.905
2025-03,2025,North America,Commercial,46186082,0.905
2025-03,2025,North America,Health,31114720,0.935
2025-03,2025,North America,Life,36769007,0.905
2025-03,2025,North America,Motor,80375106,0.905
2025-03,2025,North America,Property,53346303,0.905
2025-04,2025,Asia-Pacific,Commercial,27885530,0.905
2025-04,2025,Asia-Pacific,Health,26049609,0.935
2025-04,2025,Asia-Pacific,Life,46423145,0.905
2025-04,2025,Asia-Pacific,Motor,71264359,0.905
2025-04,2025,Asia-Pacific,Property,45747748,0.905
2025-04,2025,Europe,Commercial,48175463,0.905
2025-04,2025,Europe,Health,46205718,0.935
2025-04,2025,Europe,Life,76997898,0.905
2025-04,2025,Europe,Motor,120666005,0.905
2025-04,2025,Europe,Property,76754314,0.905
2025-04,2025,Latin America,Commercial,12070506,0.905
2025-04,2025,Latin America,Health,11787462,0.935
2025-04,2025,Latin America,Life,19395322,0.905
2025-04,2025,Latin America,Motor,34087667,0.905
2025-04,2025,Latin America,Property,19777934,0.905
2025-04,2025,North America,Commercial,47077782,0.905
2025-04,2025,North America,Health,29247103,0.935
2025-04,2025,North America,Life,35438694,0.905
2025-04,2025,North America,Motor,79238018,0.905
2025-04,2025,North America,Property,52471543,0.905
2025-05,2025,Asia-Pacific,Commercial,26730859,0.905
2025-05,2025,Asia-Pacific,Health,27110755,0.935
2025-05,2025,Asia-Pacific,Life,47009214,0.905
2025-05,2025,Asia-Pacific,Motor,71607510,0.905
2025-05,2025,Asia-Pacific,Property,46320656,0.905
2025-05,2025,Europe,Commercial,45406172,0.905
2025-05,2025,Europe,Health,47590082,0.935
2025-05,2025,Europe,Life,77225641,0.905
2025-05,2025,Europe,Motor,121576477,0.905
2025-05,2025,Europe,Property,76631522,0.905
2025-05,2025,Latin America,Commercial,11694724,0.905
2025-05,2025,Latin America,Health,11488602,0.935
2025-05,2025,Latin America,Life,19670436,0.905
2025-05,2025,Latin America,Motor,34190579,0.905
2025-05,2025,Latin America,Property,19049276,0.905
2025-05,2025,North America,Commercial,46230534,0.905
2025-05,2025,North America,Health,30974054,0.935
2025-05,2025,North America,Life,37579613,0.905
2025-05,2025,North America,Motor,80483351,0.905
2025-05,2025,North America,Property,50681926,0.905
2025-06,2025,Asia-Pacific,Commercial,28532395,0.905
2025-06,2025,Asia-Pacific,Health,27909869,0.935
2025-06,2025,Asia-Pacific,Life,47082299,0.905
2025-06,2025,Asia-Pacific,Motor,72094336,0.905
2025-06,2025,Asia-Pacific,Property,47241308,0.905
2025-06,2025,Europe,Commercial,46932127,0.905
2025-06,2025,Europe,Health,46164304,0.935
2025-06,2025,Europe,Life,77629291,0.905
2025-06,2025,Europe,Motor,120342102,0.905
2025-06,2025,Europe,Property,79302397,0.905
2025-06,2025,Latin America,Commercial,11616002,0.905
2025-06,2025,Latin America,Health,11811233,0.935
2025-06,2025,Latin America,Life,20081854,0.905
2025-06,2025,Latin America,Motor,35017847,0.905
2025-06,2025,Latin America,Property,19742074,0.905
2025-06,2025,North America,Commercial,47001220,0.905
2025-06,2025,North America,Health,31498457,0.935
2025-06,2025,North America,Life,36084334,0.905
2025-06,2025,North America,Motor,81665321,0.905
2025-06,2025,North America,Property,54365466,0.905
2025-07,2025,Asia-Pacific,Commercial,39995494,0.905
2025-07,2025,Asia-Pacific,Health,27703469,0.935
2025-07,2025,Asia-Pacific,Life,49121371,0.905
2025-07,2025,Asia-Pacific,Motor,73922921,0.905
2025-07,2025,Asia-Pacific,Property,46516548,0.905
2025-07,2025,Europe,Commercial,68086530,0.905
2025-07,2025,Europe,Health,45369031,0.935
2025-07,2025,Europe,Life,77170241,0.905
2025-07,2025,Europe,Motor,122280697,0.905
2025-07,2025,Europe,Property,79339964,0.905
2025-07,2025,Latin America,Commercial,17382634,0.905
2025-07,2025,Latin America,Health,11683731,0.935
2025-07,2025,Latin America,Life,19670807,0.905
2025-07,2025,Latin America,Motor,35077353,0.905
2025-07,2025,Latin America,Property,20354651,0.905
2025-07,2025,North America,Commercial,67627870,0.905
2025-07,2025,North America,Health,30419107,0.935
2025-07,2025,North America,Life,34936666,0.905
2025-07,2025,North America,Motor,85664477,0.905
2025-07,2025,North America,Property,52494699,0.905
2025-08,2025,Asia-Pacific,Commercial,29491612,0.905
2025-08,2025,Asia-Pacific,Health,28365538,0.935
2025-08,2025,Asia-Pacific,Life,47386316,0.905
2025-08,2025,Asia-Pacific,Motor,71866821,0.905
2025-08,2025,Asia-Pacific,Property,47312891,0.905
2025-08,2025,Europe,Commercial,47136673,0.905
2025-08,2025,Europe,Health,45644336,0.935
2025-08,2025,Europe,Life,76525115,0.905
2025-08,2025,Europe,Motor,120849077,0.905
2025-08,2025,Europe,Property,77987563,0.905
2025-08,2025,Latin America,Commercial,12252436,0.905
2025-08,2025,Latin America,Health,11898864,0.935
2025-08,2025,Latin America,Life,19638476,0.905
2025-08,2025,Latin America,Motor,34839328,0.905
2025-08,2025,Latin America,Property,20757132,0.905
2025-08,2025,North America,Commercial,45264073,0.905
2025-08,2025,North America,Health,31468345,0.935
2025-08,2025,North America,Life,36666338,0.905
2025-08,2025,North America,Motor,83131944,0.905
2025-08,2025,North America,Property,53727305,0.905
2025-09,2025,Asia-Pacific,Commercial,29475191,0.905
2025-09,2025,Asia-Pacific,Health,28611557,0.935
2025-09,2025,Asia-Pacific,Life,47939026,0.905
2025-09,2025,Asia-Pacific,Motor,74735897,0.905
2025-09,2025,Asia-Pacific,Property,47004853,0.905
2025-09,2025,Europe,Commercial,48637502,0.905
2025-09,2025,Europe,Health,46651611,0.935
2025-09,2025,Europe,Life,78415465,0.905
2025-09,2025,Europe,Motor,121801357,0.905
2025-09,2025,Europe,Property,78771140,0.905
2025-09,2025,Latin America,Commercial,11859691,0.905
2025-09,2025,Latin America,Health,11769482,0.935
2025-09,2025,Latin America,Life,19786469,0.905
2025-09,2025,Latin America,Motor,33572991,0.905
2025-09,2025,Latin America,Property,19946598,0.905
2025-09,2025,North America,Commercial,44562948,0.905
2025-09,2025,North America,Health,32113084,0.935
2025-09,2025,North America,Life,36677570,0.905
2025-09,2025,North America,Motor,82926192,0.905
2025-09,2025,North America,Property,53950061,0.905
2025-10,2025,Asia-Pacific,Commercial,29740443,0.905
2025-10,2025,Asia-Pacific,Health,28584910,0.935
2025-10,2025,Asia-Pacific,Life,46419892,0.905
2025-10,2025,Asia-Pacific,Motor,75469546,0.905
2025-10,2025,Asia-Pacific,Property,48550634,0.905
2025-10,2025,Europe,Commercial,48940579,0.905
2025-10,2025,Europe,Health,46949592,0.935
2025-10,2025,Europe,Life,77742702,0.905
2025-10,2025,Europe,Motor,121893735,0.905
2025-10,2025,Europe,Property,79591114,0.905
2025-10,2025,Latin America,Commercial,12177653,0.905
2025-10,2025,Latin America,Health,11813121,0.935
2025-10,2025,Latin America,Life,20294287,0.905
2025-10,2025,Latin America,Motor,36193114,0.905
2025-10,2025,Latin America,Property,20354043,0.905
2025-10,2025,North America,Commercial,48741129,0.905
2025-10,2025,North America,Health,31583306,0.935
2025-10,2025,North America,Life,37306217,0.905
2025-10,2025,North America,Motor,86360940,0.905
2025-10,2025,North America,Property,52613109,0.905
2025-11,2025,Asia-Pacific,Commercial,29317425,0.905
2025-11,2025,Asia-Pacific,Health,29111683,0.935
2025-11,2025,Asia-Pacific,Life,49778195,0.905
2025-11,2025,Asia-Pacific,Motor,79381401,0.905
2025-11,2025,Asia-Pacific,Property,48492228,0.905
2025-11,2025,Europe,Commercial,47444563,0.905
2025-11,2025,Europe,Health,48614061,0.935
2025-11,2025,Europe,Life,80471986,0.905
2025-11,2025,Europe,Motor,126750783,0.905
2025-11,2025,Europe,Property,79455102,0.905
2025-11,2025,Latin America,Commercial,12326882,0.905
2025-11,2025,Latin America,Health,11948755,0.935
2025-11,2025,Latin America,Life,19860599,0.905
2025-11,2025,Latin America,Motor,36444108,0.905
2025-11,2025,Latin America,Property,20996798,0.905
2025-11,2025,North America,Commercial,48323821,0.905
2025-11,2025,North America,Health,33291823,0.935
2025-11,2025,North America,Life,37625306,0.905
2025-11,2025,North America,Motor,85947124,0.905
2025-11,2025,North America,Property,54600879,0.905
2025-12,2025,Asia-Pacific,Commercial,30826503,0.905
2025-12,2025,Asia-Pacific,Health,29688087,0.935
2025-12,2025,Asia-Pacific,Life,50619743,0.905
2025-12,2025,Asia-Pacific,Motor,78027359,0.905
2025-12,2025,Asia-Pacific,Property,50833799,0.905
2025-12,2025,Europe,Commercial,48934686,0.905
2025-12,2025,Europe,Health,46669693,0.935
2025-12,2025,Europe,Life,78993142,0.905
2025-12,2025,Europe,Motor,126146098,0.905
2025-12,2025,Europe,Property,79978628,0.905
2025-12,2025,Latin America,Commercial,12268772,0.905
2025-12,2025,Latin America,Health,12400791,0.935
2025-12,2025,Latin America,Life,20221339,0.905
2025-12,2025,Latin America,Motor,35737827,0.905
2025-12,2025,Latin America,Property,20390463,0.905
2025-12,2025,North America,Commercial,48262530,0.905
2025-12,2025,North America,Health,31751285,0.935
2025-12,2025,North America,Life,36661819,0.905
2025-12,2025,North America,Motor,87606036,0.905
2025-12,2025,North America,Property,53000862,0.905
