month,currency,local_per_eur
2021-01,EUR,1.0
2021-02,EUR,1.0
2021-03,EUR,1.0
2021-04,EUR,1.0
2021-05,EUR,1.0
2021-06,EUR,1.0
2021-07,EUR,1.0
2021-08,EUR,1.0
2021-09,EUR,1.0
2021-10,EUR,1.0
2021-11,EUR,1.0
2021-12,EUR,1.0
2022-01,EUR,1.0
2022-02,EUR,1.0
2022-03,EUR,1.0
2022-04,EUR,1.0
2022-05,EUR,1.0
2022-06,EUR,1.0
2022-07,EUR,1.0
2022-08,EUR,1.0
2022-09,EUR,1.0
2022-10,EUR,1.0
2022-11,EUR,1.0
2022-12,EUR,1.0
2023-01,EUR,1.0
2023-02,EUR,1.0
2023-03,EUR,1.0
2023-04,EUR,1.0
2023-05,EUR,1.0
2023-06,EUR,1.0
2023-07,EUR,1.0
2023-08,EUR,1.0
2023-09,EUR,1.0
2023-10,EUR,1.0
2023-11,EUR,1.0
2023-12,EUR,1.0
2024-01,EUR,1.0
2024-02,EUR,1.0
2024-03,EUR,1.0
2024-04,EUR,1.0
2024-05,EUR,1.0
2024-06,EUR,1.0
2024-07,EUR,1.0
2024-08,EUR,1.0
2024-09,EUR,1.0
2024-10,EUR,1.0
2024-11,EUR,1.0
2024-12,EUR,1.0
2025-01,EUR,1.0
2025-02,EUR,1.0
2025-03,EUR,1.0
2025-04,EUR,1.0
2025-05,EUR,1.0
2025-06,EUR,1.0
2025-07,EUR,1.0
2025-08,EUR,1.0
2025-09,EUR,1.0
2025-10,EUR,1.0
2025-11,EUR,1.0
2025-12,EUR,1.0
2021-01,GBP,0.86
2021-02,GBP,0.8517
2021-03,GBP,0.837
2021-04,GBP,0.8223
2021-05,GBP,0.8084
2021-06,GBP,0.7881
2021-07,GBP,0.7755
2021-08,GBP,0.794
2021-09,GBP,0.7859
2021-10,GBP,0.7898
2021-11,GBP,0.7729
2021-12,GBP,0.7755
2022-01,GBP,0.7519
2022-02,GBP,0.7427
2022-03,GBP,0.7737
2022-04,GBP,0.7659
2022-05,GBP,0.7818
2022-06,GBP,0.7885
2022-07,GBP,0.7866
2022-08,GBP,0.7776
2022-09,GBP,0.7961
2022-10,GBP,0.7939
2022-11,GBP,0.8163
2022-12,GBP,0.806
2023-01,GBP,0.8071
2023-02,GBP,0.8142
2023-03,GBP,0.82
2023-04,GBP,0.8022
2023-05,GBP,0.7929
2023-06,GBP,0.7904
2023-07,GBP,0.7786
2023-08,GBP,0.7884
2023-09,GBP,0.7971
2023-10,GBP,0.7698
2023-11,GBP,0.7454
2023-12,GBP,0.7286
2024-01,GBP,0.7304
2024-02,GBP,0.7579
2024-03,GBP,0.753
2024-04,GBP,0.7566
2024-05,GBP,0.7425
2024-06,GBP,0.7289
2024-07,GBP,0.7039
2024-08,GBP,0.7038
2024-09,GBP,0.7161
2024-10,GBP,0.7118
2024-11,GBP,0.7301
2024-12,GBP,0.733
2025-01,GBP,0.7327
2025-02,GBP,0.7398
2025-03,GBP,0.7466
2025-04,GBP,0.7625
2025-05,GBP,0.7518
2025-06,GBP,0.7217
2025-07,GBP,0.7234
2025-08,GBP,0.7157
2025-09,GBP,0.7156
2025-10,GBP,0.7376
2025-11,GBP,0.7234
2025-12,GBP,0.7336
2021-01,RON,4.88
2021-02,RON,4.9001
2021-03,RON,4.9108
2021-04,RON,4.9345
2021-05,RON,4.9271
2021-06,RON,4.9153
2021-07,RON,4.9374
2021-08,RON,4.9533
2021-09,RON,4.9826
2021-10,RON,4.9885
2021-11,RON,5.0227
2021-12,RON,5.0187
2022-01,RON,4.9991
2022-02,RON,4.9602
2022-03,RON,4.94
2022-04,RON,4.9579
2022-05,RON,4.9306
2022-06,RON,4.9233
2022-07,RON,4.9666
2022-08,RON,4.9851
2022-09,RON,5.0226
2022-10,RON,5.0044
2022-11,RON,4.9571
2022-12,RON,4.9889
2023-01,RON,4.9623
2023-02,RON,4.9658
2023-03,RON,4.9718
2023-04,RON,4.9546
2023-05,RON,4.9871
2023-06,RON,5.0198
2023-07,RON,5.0326
2023-08,RON,5.0336
2023-09,RON,5.0392
2023-10,RON,5.0188
2023-11,RON,5.0157
2023-12,RON,5.0153
2024-01,RON,4.9999
2024-02,RON,5.0185
2024-03,RON,4.9916
2024-04,RON,4.9843
2024-05,RON,4.9412
2024-06,RON,4.9527
2024-07,RON,4.9691
2024-08,RON,4.9831
2024-09,RON,5.0433
2024-10,RON,5.064
2024-11,RON,5.0466
2024-12,RON,5.1023
2025-01,RON,5.0853
2025-02,RON,5.1031
2025-03,RON,5.12
2025-04,RON,5.1037
2025-05,RON,5.134
2025-06,RON,5.143
2025-07,RON,5.1564
2025-08,RON,5.1442
2025-09,RON,5.1728
2025-10,RON,5.1568
2025-11,RON,5.1219
2025-12,RON,5.1529
2021-01,USD,1.21
2021-02,USD,1.1989
2021-03,USD,1.1981
2021-04,USD,1.2384
2021-05,USD,1.2621
2021-06,USD,1.2747
2021-07,USD,1.2975
2021-08,USD,1.2787
2021-09,USD,1.2942
2021-10,USD,1.3183
2021-11,USD,1.3344
2021-12,USD,1.3275
2022-01,USD,1.239
2022-02,USD,1.2497
2022-03,USD,1.2504
2022-04,USD,1.2402
2022-05,USD,1.2558
2022-06,USD,1.26
2022-07,USD,1.2627
2022-08,USD,1.2276
2022-09,USD,1.194
2022-10,USD,1.2002
2022-11,USD,1.2
2022-12,USD,1.2012
2023-01,USD,1.203
2023-02,USD,1.2101
2023-03,USD,1.2091
2023-04,USD,1.2107
2023-05,USD,1.2145
2023-06,USD,1.2331
2023-07,USD,1.2199
2023-08,USD,1.2354
2023-09,USD,1.2478
2023-10,USD,1.2483
2023-11,USD,1.2358
2023-12,USD,1.2422
2024-01,USD,1.2598
2024-02,USD,1.2338
2024-03,USD,1.2333
2024-04,USD,1.2329
2024-05,USD,1.2165
2024-06,USD,1.2012
2024-07,USD,1.1664
2024-08,USD,1.1417
2024-09,USD,1.1089
2024-10,USD,1.095
2024-11,USD,1.0824
2024-12,USD,1.0703
2025-01,USD,1.0759
2025-02,USD,1.0706
2025-03,USD,1.0551
2025-04,USD,1.0399
2025-05,USD,1.0174
2025-06,USD,1.0123
2025-07,USD,1.0069
2025-08,USD,1.0352
2025-09,USD,1.0626
2025-10,USD,1.0896
2025-11,USD,1.1295
2025-12,USD,1.1033
2021-01,CAD,1.53
2021-02,CAD,1.5492
2021-03,CAD,1.5711
2021-04,CAD,1.5851
2021-05,CAD,1.6475
2021-06,CAD,1.7251
2021-07,CAD,1.7564
2021-08,CAD,1.7777
2021-09,CAD,1.7427
2021-10,CAD,1.7085
2021-11,CAD,1.7308
2021-12,CAD,1.729
2022-01,CAD,1.6886
2022-02,CAD,1.6854
2022-03,CAD,1.697
2022-04,CAD,1.7264
2022-05,CAD,1.7236
2022-06,CAD,1.7158
2022-07,CAD,1.7166
2022-08,CAD,1.7225
2022-09,CAD,1.6874
2022-10,CAD,1.7135
2022-11,CAD,1.783
2022-12,CAD,1.8099
2023-01,CAD,1.7639
2023-02,CAD,1.7675
2023-03,CAD,1.7128
2023-04,CAD,1.6579
2023-05,CAD,1.6782
2023-06,CAD,1.6811
2023-07,CAD,1.661
2023-08,CAD,1.6003
2023-09,CAD,1.5647
2023-10,CAD,1.5698
2023-11,CAD,1.5712
2023-12,CAD,1.5914
2024-01,CAD,1.6361
2024-02,CAD,1.6267
2024-03,CAD,1.6411
2024-04,CAD,1.6375
2024-05,CAD,1.6235
2024-06,CAD,1.6169
2024-07,CAD,1.6457
2024-08,CAD,1.616
2024-09,CAD,1.6501
2024-10,CAD,1.6951
2024-11,CAD,1.6968
2024-12,CAD,1.7052
2025-01,CAD,1.6629
2025-02,CAD,1.7357
2025-03,CAD,1.7671
2025-04,CAD,1.7732
2025-05,CAD,1.7756
2025-06,CAD,1.7907
2025-07,CAD,1.7704
2025-08,CAD,1.7801
2025-09,CAD,1.7513
2025-10,CAD,1.7676
2025-11,CAD,1.7468
2025-12,CAD,1.7758
2021-01,JPY,126.0
2021-02,JPY,126.3049
2021-03,JPY,127.5004
2021-04,JPY,135.0978
2021-05,JPY,137.6974
2021-06,JPY,138.9983
2021-07,JPY,139.7485
2021-08,JPY,137.7889
2021-09,JPY,141.1498
2021-10,JPY,145.9476
2021-11,JPY,146.788
2021-12,JPY,151.9808
2022-01,JPY,152.3707
2022-02,JPY,148.2626
2022-03,JPY,147.2026
2022-04,JPY,145.0919
2022-05,JPY,145.0399
2022-06,JPY,147.3599
2022-07,JPY,145.582
2022-08,JPY,146.0397
2022-09,JPY,147.238
2022-10,JPY,145.9755
2022-11,JPY,144.2654
2022-12,JPY,145.1557
2023-01,JPY,148.1304
2023-02,JPY,147.2039
2023-03,JPY,145.8935
2023-04,JPY,146.1915
2023-05,JPY,147.6316
2023-06,JPY,146.8672
2023-07,JPY,146.6572
2023-08,JPY,146.7188
2023-09,JPY,144.5401
2023-10,JPY,144.7409
2023-11,JPY,143.9473
2023-12,JPY,148.7894
2024-01,JPY,148.0875
2024-02,JPY,149.9969
2024-03,JPY,151.7189
2024-04,JPY,149.3792
2024-05,JPY,146.7294
2024-06,JPY,146.2262
2024-07,JPY,148.6604
2024-08,JPY,147.8103
2024-09,JPY,146.7458
2024-10,JPY,139.9215
2024-11,JPY,139.5638
2024-12,JPY,140.9957
2025-01,JPY,142.7818
2025-02,JPY,144.5501
2025-03,JPY,144.3597
2025-04,JPY,144.4311
2025-05,JPY,147.2846
2025-06,JPY,147.6002
2025-07,JPY,142.2571
2025-08,JPY,145.5587
2025-09,JPY,143.4182
2025-10,JPY,147.6882
2025-11,JPY,152.9607
2025-12,JPY,155.7868
2021-01,AUD,1.58
2021-02,AUD,1.6075
2021-03,AUD,1.6639
2021-04,AUD,1.6328
2021-05,AUD,1.6419
2021-06,AUD,1.6507
2021-07,AUD,1.6238
2021-08,AUD,1.6854
2021-09,AUD,1.6695
2021-10,AUD,1.6493
2021-11,AUD,1.6589
2021-12,AUD,1.6917
2022-01,AUD,1.6752
2022-02,AUD,1.6589
2022-03,AUD,1.6757
2022-04,AUD,1.6348
2022-05,AUD,1.6139
2022-06,AUD,1.5913
2022-07,AUD,1.5805
2022-08,AUD,1.578
2022-09,AUD,1.6329
2022-10,AUD,1.6615
2022-11,AUD,1.6638
2022-12,AUD,1.6587
2023-01,AUD,1.6867
2023-02,AUD,1.7015
2023-03,AUD,1.7307
2023-04,AUD,1.7761
2023-05,AUD,1.7459
2023-06,AUD,1.6782
2023-07,AUD,1.6792
2023-08,AUD,1.6833
2023-09,AUD,1.6937
2023-10,AUD,1.6772
2023-11,AUD,1.6719
2023-12,AUD,1.6905
2024-01,AUD,1.7109
2024-02,AUD,1.7541
2024-03,AUD,1.6888
2024-04,AUD,1.641
2024-05,AUD,1.6865
2024-06,AUD,1.7067
2024-07,AUD,1.733
2024-08,AUD,1.7259
2024-09,AUD,1.7129
2024-10,AUD,1.7208
2024-11,AUD,1.6936
2024-12,AUD,1.6493
2025-01,AUD,1.6182
2025-02,AUD,1.6233
2025-03,AUD,1.6436
2025-04,AUD,1.6949
2025-05,AUD,1.708
2025-06,AUD,1.7243
2025-07,AUD,1.7793
2025-08,AUD,1.7563
2025-09,AUD,1.728
2025-10,AUD,1.7131
2025-11,AUD,1.7118
2025-12,AUD,1.7771
2021-01,SGD,1.61
2021-02,SGD,1.5993
2021-03,SGD,1.6366
2021-04,SGD,1.6221
2021-05,SGD,1.6358
2021-06,SGD,1.6553
2021-07,SGD,1.6706
2021-08,SGD,1.6926
2021-09,SGD,1.6711
2021-10,SGD,1.7147
2021-11,SGD,1.7445
2021-12,SGD,1.7219
2022-01,SGD,1.737
2022-02,SGD,1.703
2022-03,SGD,1.7052
2022-04,SGD,1.6689
2022-05,SGD,1.69
2022-06,SGD,1.7818
2022-07,SGD,1.8289
2022-08,SGD,1.8523
2022-09,SGD,1.8217
2022-10,SGD,1.8335
2022-11,SGD,1.8722
2022-12,SGD,1.8684
2023-01,SGD,1.872
2023-02,SGD,1.815
2023-03,SGD,1.7865
2023-04,SGD,1.7274
2023-05,SGD,1.7872
2023-06,SGD,1.8017
2023-07,SGD,1.8246
2023-08,SGD,1.8172
2023-09,SGD,1.7693
2023-10,SGD,1.7742
2023-11,SGD,1.7532
2023-12,SGD,1.7222
2024-01,SGD,1.7232
2024-02,SGD,1.7259
2024-03,SGD,1.7196
2024-04,SGD,1.695
2024-05,SGD,1.6645
2024-06,SGD,1.664
2024-07,SGD,1.7003
2024-08,SGD,1.6513
2024-09,SGD,1.6312
2024-10,SGD,1.6257
2024-11,SGD,1.6204
2024-12,SGD,1.6025
2025-01,SGD,1.6585
2025-02,SGD,1.6697
2025-03,SGD,1.6397
2025-04,SGD,1.5844
2025-05,SGD,1.5789
2025-06,SGD,1.6208
2025-07,SGD,1.6258
2025-08,SGD,1.5587
2025-09,SGD,1.5199
2025-10,SGD,1.5227
2025-11,SGD,1.5516
2025-12,SGD,1.5549
2021-01,BRL,6.5
2021-02,BRL,6.5121
2021-03,BRL,6.6335
2021-04,BRL,6.7796
2021-05,BRL,6.6919
2021-06,BRL,6.7393
2021-07,BRL,6.6186
2021-08,BRL,6.4862
2021-09,BRL,6.5498
2021-10,BRL,6.3788
2021-11,BRL,6.393
2021-12,BRL,6.4239
2022-01,BRL,6.5188
2022-02,BRL,6.3799
2022-03,BRL,6.4185
2022-04,BRL,6.3986
2022-05,BRL,6.5666
2022-06,BRL,6.474
2022-07,BRL,6.3407
2022-08,BRL,6.3927
2022-09,BRL,6.2897
2022-10,BRL,6.1398
2022-11,BRL,6.236
2022-12,BRL,6.2792
2023-01,BRL,5.9323
2023-02,BRL,5.8299
2023-03,BRL,5.71
2023-04,BRL,5.7718
2023-05,BRL,5.9219
2023-06,BRL,6.1403
2023-07,BRL,6.2136
2023-08,BRL,6.0872
2023-09,BRL,5.9595
2023-10,BRL,5.8533
2023-11,BRL,5.9002
2023-12,BRL,6.0311
2024-01,BRL,5.8216
2024-02,BRL,5.8809
2024-03,BRL,5.975
2024-04,BRL,6.004
2024-05,BRL,6.3589
2024-06,BRL,6.4151
2024-07,BRL,6.4135
2024-08,BRL,6.4789
2024-09,BRL,6.4104
2024-10,BRL,6.2796
2024-11,BRL,6.3222
2024-12,BRL,6.4495
2025-01,BRL,6.417
2025-02,BRL,6.5193
2025-03,BRL,6.47
2025-04,BRL,6.6573
2025-05,BRL,6.6775
2025-06,BRL,6.7364
2025-07,BRL,6.8243
2025-08,BRL,6.6546
2025-09,BRL,6.6273
2025-10,BRL,6.8449
2025-11,BRL,6.8436
2025-12,BRL,7.0128
2021-01,MXN,24.2
2021-02,MXN,24.5268
2021-03,MXN,23.6738
2021-04,MXN,23.9172
2021-05,MXN,23.3947
2021-06,MXN,23.4463
2021-07,MXN,23.2135
2021-08,MXN,23.1646
2021-09,MXN,23.0773
2021-10,MXN,23.1204
2021-11,MXN,22.8773
2021-12,MXN,22.272
2022-01,MXN,21.8161
2022-02,MXN,22.1235
2022-03,MXN,22.7641
2022-04,MXN,22.8025
2022-05,MXN,23.093
2022-06,MXN,23.444
2022-07,MXN,22.8175
2022-08,MXN,22.0061
2022-09,MXN,21.9309
2022-10,MXN,21.1436
2022-11,MXN,20.9876
2022-12,MXN,20.3855
2023-01,MXN,20.1075
2023-02,MXN,19.7879
2023-03,MXN,19.9241
2023-04,MXN,19.6442
2023-05,MXN,19.1944
2023-06,MXN,19.1633
2023-07,MXN,20.1642
2023-08,MXN,20.293
2023-09,MXN,19.546
2023-10,MXN,19.5292
2023-11,MXN,20.4032
2023-12,MXN,20.4143
2024-01,MXN,20.8382
2024-02,MXN,21.2057
2024-03,MXN,21.6101
2024-04,MXN,21.9678
2024-05,MXN,22.0247
2024-06,MXN,21.8969
2024-07,MXN,21.733
2024-08,MXN,21.7257
2024-09,MXN,21.8387
2024-10,MXN,21.2897
2024-11,MXN,21.1296
2024-12,MXN,21.0614
2025-01,MXN,21.0497
2025-02,MXN,20.8804
2025-03,MXN,21.1328
2025-04,MXN,21.0406
2025-05,MXN,20.8467
2025-06,MXN,20.3368
2025-07,MXN,20.0041
2025-08,MXN,20.0368
2025-09,MXN,20.0297
2025-10,MXN,19.2598
2025-11,MXN,19.534
2025-12,MXN,19.2404
