quarter,asset_class,market_value_eur,investment_income_eur,unrealised_gain_loss_eur
2021-Q1,Government bonds,11080304109,24930684,-44321216
2021-Q1,Corporate bonds,7914502935,27700760,-37989614
2021-Q1,Equities,3165801174,18994807,189948070
2021-Q1,Real estate,2374350880,24930684,8821973
2021-Q1,Cash & money market,1846717351,0,0
2021-Q2,Government bonds,11192172279,28422227,67153034
2021-Q2,Corporate bonds,7994408771,30820550,57559743
2021-Q2,Equities,3197763508,19186581,95932905
2021-Q2,Real estate,2398322631,25182388,20051033
2021-Q2,Cash & money market,1865362047,0,0
2021-Q3,Government bonds,11291780891,31943854,0
2021-Q3,Corporate bonds,8065557779,33960243,0
2021-Q3,Equities,3226223112,19357339,-32262231
2021-Q3,Real estate,2419667334,25406507,9216686
2021-Q3,Cash & money market,1881963482,0,0
2021-Q4,Government bonds,11427066964,35634406,-137124804
2021-Q4,Corporate bonds,8162190689,37266844,-117535546
2021-Q4,Equities,3264876276,19589258,228541339
2021-Q4,Real estate,2448657207,25710901,-2240017
2021-Q4,Cash & money market,1904511161,0,0
2022-Q1,Government bonds,11577834038,39456040,-405224191
2022-Q1,Corporate bonds,8269881456,40696522,-347335021
2022-Q1,Equities,3307952582,19847715,-198477155
2022-Q1,Real estate,2480964437,26050127,5452197
2022-Q1,Cash & money market,1929639006,0,0
2022-Q2,Government bonds,11628815731,42996016,-523296708
2022-Q2,Corporate bonds,8306296951,43826646,-448540035
2022-Q2,Equities,3322518780,19935113,-365477066
2022-Q2,Real estate,2491889085,26164835,15806639
2022-Q2,Cash & money market,1938135955,0,0
2022-Q3,Government bonds,11825721984,47147286,-354771660
2022-Q3,Corporate bonds,8446944275,47569634,-304089994
2022-Q3,Equities,3378777710,20272666,-135151108
2022-Q3,Real estate,2534083282,26607874,-3323160
2022-Q3,Cash & money market,1970953664,4927384,0
2022-Q4,Government bonds,11914393665,50949710,119143937
2022-Q4,Corporate bonds,8510281189,50949710,102123374
2022-Q4,Equities,3404112476,20424675,306370123
2022-Q4,Real estate,2553084357,26807386,-3883822
2022-Q4,Cash & money market,1985732277,6737306,0
2023-Q1,Government bonds,12116043943,55319306,121160439
2023-Q1,Corporate bonds,8654317102,54886590,103851805
2023-Q1,Equities,3461726841,20770361,242320879
2023-Q1,Real estate,2596295131,27261099,17102887
2023-Q1,Cash & money market,2019340657,8654317,0
2023-Q2,Government bonds,12290514883,59673684,-61452574
2023-Q2,Corporate bonds,8778939202,58795790,-52673635
2023-Q2,Equities,3511575681,21069454,105347270
2023-Q2,Real estate,2633681761,27653658,2329590
2023-Q2,Cash & money market,2048419147,10607885,0
2023-Q3,Government bonds,12495952290,64288386,-187439284
2023-Q3,Corporate bonds,8925680207,62949534,-160662244
2023-Q3,Equities,3570272083,21421632,-107108162
2023-Q3,Real estate,2677704062,28115893,21131816
2023-Q3,Cash & money market,2082658715,12644714,0
2023-Q4,Government bonds,12687258280,68945232,380617748
2023-Q4,Corporate bonds,9062327343,67132767,326243784
2023-Q4,Equities,3624930937,21749586,362493094
2023-Q4,Real estate,2718698203,28546331,-1784949
2023-Q4,Cash & money market,2114543047,14726282,0
2024-Q1,Government bonds,12864945783,73634887,-64324729
2024-Q1,Corporate bonds,9189246988,71337575,-55135482
2024-Q1,Equities,3675698795,22054193,294055904
2024-Q1,Real estate,2756774096,28946128,1993169
2024-Q1,Cash & money market,2144157631,16846953,0
2024-Q2,Government bonds,13080136096,78652924,0
2024-Q2,Corporate bonds,9342954354,75850037,0
2024-Q2,Equities,3811925377,22871552,152477015
2024-Q2,Real estate,2802886306,29430306,1847481
2024-Q2,Cash & money market,2180022683,19075198,0
2024-Q3,Government bonds,13280384561,83701371,265607691
2024-Q3,Corporate bonds,9485988972,80381275,227663735
2024-Q3,Equities,3870283501,23221701,193514175
2024-Q3,Real estate,2845796692,29880865,-5369148
2024-Q3,Cash & money market,2213397427,18260529,0
2024-Q4,Government bonds,13417497874,88449558,-134174979
2024-Q4,Corporate bonds,9583927053,84615988,-115007125
2024-Q4,Equities,3910242237,23461453,78204845
2024-Q4,Real estate,2875178116,30189370,30751604
2024-Q4,Cash & money market,2236249646,17219122,0
2025-Q1,Government bonds,13675339298,94107927,68376696
2025-Q1,Corporate bonds,9768099499,89712282,58608597
2025-Q1,Equities,3985384595,23912308,-79707692
2025-Q1,Real estate,2930429850,30769513,-94968
2025-Q1,Cash & money market,2279223216,16296446,0
2025-Q2,Government bonds,13899930908,99677136,111199447
2025-Q2,Corporate bonds,9928522077,94712875,95313812
2025-Q2,Equities,4050837008,24305022,243050220
2025-Q2,Real estate,2978556623,31274845,12006715
2025-Q2,Cash & money market,2316655151,15289924,0
2025-Q3,Government bonds,14093707502,105146476,56374830
2025-Q3,Corporate bonds,10066933930,99609662,48321283
2025-Q3,Equities,4107309043,24643854,287511633
2025-Q3,Real estate,3020080179,31710842,7118636
2025-Q3,Cash & money market,2348951250,14211155,0
2025-Q4,Government bonds,14283122638,110694200,42849368
2025-Q4,Corporate bonds,10202230456,104572862,36728030
2025-Q4,Equities,4162510026,24975060,124875301
2025-Q4,Real estate,3060669137,32137026,22059677
2025-Q4,Cash & money market,2380520440,13092862,0
