quarter,gwp_eur,net_earned_premium_eur,claims_incurred_eur,acquisition_costs_eur,admin_expenses_eur,investment_income_eur,underwriting_result_eur,other_expenses_eur,profit_before_tax_eur,tax_eur,net_income_eur,shares_outstanding,eps_eur,dividends_paid_eur,shareholders_equity_eur,dps_eur,roe_annualised,solvency_ii_ratio,share_price_eur_end,market_cap_eur
2021-Q1,2142972493,2126060452,1413878261,291182737,201537624,96556935,219461830,-25512725,290506040,72626510,217879530,250000000,0.87,0,8111046900,0.0,0.1074,2.1045,41.72,10429525331
2021-Q2,2035838658,1973950506,1311976050,273358044,187997986,103611746,200618426,-23687406,280542766,70135691,210407074,250000000,0.84,550000000,7964011347,2.2,0.1057,2.1567,40.26,10066033820
2021-Q3,2109837624,1973946063,1302003288,284061085,187590246,110667943,200291444,-23687353,287272034,71818009,215454026,250000000,0.86,0,8161028936,0.0,0.1056,2.2025,38.9,9724419533
2021-Q4,2103849960,1971003334,1293153632,281477155,187476656,118201409,208895891,-23652040,303445260,75861315,227583945,250000000,0.91,0,8365925659,0.0,0.1088,2.2495,38.74,9685273676
2022-Q1,2290889731,1995960461,1378007195,306624357,185224991,126050404,126103918,-23951526,228202796,57050699,171152097,250000000,0.68,0,7780610420,0.0,0.088,2.0655,38.79,9698155037
2022-Q2,2170552540,2028939888,1387169654,288511328,188692988,132922610,164565918,-24347279,273141249,68285312,204855937,250000000,0.82,479228516,6449032105,1.92,0.1271,1.692,34.0,8500378379
2022-Q3,2258612562,2061956396,1418669422,300053143,191267980,146524844,151965851,-24743477,273747218,68436805,205310414,250000000,0.82,0,6016473781,0.0,0.1365,1.5529,34.66,8665400731
2022-Q4,2259899948,2097527188,1441931560,298527994,195063324,155868787,162004310,-25170326,292702771,73175693,219527078,250000000,0.88,0,6655003749,0.0,0.1319,1.6948,35.29,8821964298
2023-Q1,2469211841,2138515238,1493083228,327644918,194494166,166891673,123292926,-25662183,264522416,66130604,198391812,250000000,0.79,0,7240944369,0.0,0.1096,1.8105,35.35,8837125378
2023-Q2,2356164588,2179588094,1513602715,308387227,197964586,177800471,159633566,-26155057,311278980,77819745,233459235,250000000,0.93,440465039,7028779085,1.76,0.1329,1.7274,37.86,9465845252
2023-Q3,2478507496,2229952621,1834511929,325091803,202749611,189420159,-132400722,-26759431,30260006,7565001,22695004,250000000,0.09,0,6704211790,0.0,0.0135,1.6143,31.84,7960958183
2023-Q4,2480955888,2282405892,1594741118,322597272,207804436,201100198,157263066,-27388871,330974393,82743598,248230795,250000000,0.99,0,7806498327,0.0,0.1272,1.8422,29.66,7413835396
2024-Q1,2725490342,2341087394,1573176204,355315862,204349447,212819736,208245881,-28093049,392972568,98243142,294729426,250000000,1.18,0,8242498843,0.0,0.143,1.9045,33.09,8271480339
2024-Q2,2589319690,2396706562,1707957417,334316033,208476638,225880017,145956474,-28760479,343076012,85769003,257307009,248500000,1.04,386527265,8154238183,1.56,0.1262,1.8435,34.43,8556420741
2024-Q3,2686298612,2448497732,2067769830,345633744,212549989,235445741,-177455831,-29381973,28607937,7151984,21455953,247000000,0.09,0,8638327298,0.0,0.0099,1.9161,33.78,8343181586
2024-Q4,2703505852,2497871119,1677186230,345472094,217108350,243935491,258104445,-29974453,472065483,118016371,354049112,245500000,1.44,0,8797695886,0.0,0.161,1.9198,38.09,9351601374
2025-Q1,2939830403,2550100490,1665852733,377980368,211366822,254798476,294900567,-30601206,519097837,129774459,389323378,244000000,1.6,0,9142265371,0.0,0.1703,1.9553,41.24,10062997756
2025-Q2,2808571376,2600507837,1693975767,356472354,215731296,265259802,334328420,-31206094,568382128,142095532,426286596,244000000,1.75,510147825,9427660297,2.09,0.1809,1.9797,46.47,11338766723
2025-Q3,2923345507,2653907561,1739563186,371069984,220254429,275321989,323019962,-31846891,566495060,141623765,424871295,244000000,1.74,0,10171992697,0.0,0.1671,2.098,55.51,13544044058
2025-Q4,2930258332,2708274002,1770407869,369625919,225186723,285472010,343053491,-32499288,596026213,149006553,447019660,244000000,1.83,0,10800222258,0.0,0.1656,2.1884,65.55,15993330655
